simulation_id,source,target,relation_type,weight
1,sistema,vulnerables,hierarchy,6387.0
1,vulnerables,no_solicitantes,hierarchy,930.0
1,no_solicitantes,pendiente_grado,administrative_transition,177.0
1,pendiente_grado,sin_grado,administrative_transition,1360.0
1,pendiente_grado,con_derecho,administrative_transition,136.0
1,con_derecho,con_pia,administrative_transition,38.0
1,con_pia,prestacion_efectiva,administrative_transition,2708.0
1,con_pia,lista_espera,administrative_transition,1038.0
1,con_derecho,grado_I,degree_assignment,1491.0
1,con_derecho,grado_II,degree_assignment,1444.0
1,con_derecho,grado_III,degree_assignment,985.0
1,prestacion_efectiva,teleasistencia,benefit_assignment,755.0
1,prestacion_efectiva,ayuda_domicilio,benefit_assignment,577.0
1,prestacion_efectiva,atencion_residencial,benefit_assignment,264.0
1,prestacion_efectiva,cuidados_familiares,benefit_assignment,1112.0
2,sistema,vulnerables,hierarchy,6387.0
2,vulnerables,no_solicitantes,hierarchy,790.0
2,no_solicitantes,pendiente_grado,administrative_transition,169.0
2,pendiente_grado,sin_grado,administrative_transition,728.0
2,pendiente_grado,con_derecho,administrative_transition,172.0
2,con_derecho,con_pia,administrative_transition,38.0
2,con_pia,prestacion_efectiva,administrative_transition,3017.0
2,con_pia,lista_espera,administrative_transition,1473.0
2,con_derecho,grado_I,degree_assignment,1704.0
2,con_derecho,grado_II,degree_assignment,1822.0
2,con_derecho,grado_III,degree_assignment,1174.0
2,prestacion_efectiva,teleasistencia,benefit_assignment,862.0
2,prestacion_efectiva,ayuda_domicilio,benefit_assignment,638.0
2,prestacion_efectiva,atencion_residencial,benefit_assignment,352.0
2,prestacion_efectiva,cuidados_familiares,benefit_assignment,1165.0
3,sistema,vulnerables,hierarchy,6387.0
3,vulnerables,no_solicitantes,hierarchy,847.0
3,no_solicitantes,pendiente_grado,administrative_transition,206.0
3,pendiente_grado,sin_grado,administrative_transition,1375.0
3,pendiente_grado,con_derecho,administrative_transition,147.0
3,con_derecho,con_pia,administrative_transition,26.0
3,con_pia,prestacion_efectiva,administrative_transition,2386.0
3,con_pia,lista_espera,administrative_transition,1400.0
3,con_derecho,grado_I,degree_assignment,1340.0
3,con_derecho,grado_II,degree_assignment,1542.0
3,con_derecho,grado_III,degree_assignment,1077.0
3,prestacion_efectiva,teleasistencia,benefit_assignment,705.0
3,prestacion_efectiva,ayuda_domicilio,benefit_assignment,522.0
3,prestacion_efectiva,atencion_residencial,benefit_assignment,241.0
3,prestacion_efectiva,cuidados_familiares,benefit_assignment,918.0
4,sistema,vulnerables,hierarchy,6387.0
4,vulnerables,no_solicitantes,hierarchy,644.0
4,no_solicitantes,pendiente_grado,administrative_transition,157.0
4,pendiente_grado,sin_grado,administrative_transition,1041.0
4,pendiente_grado,con_derecho,administrative_transition,135.0
4,con_derecho,con_pia,administrative_transition,34.0
4,con_pia,prestacion_efectiva,administrative_transition,2916.0
4,con_pia,lista_espera,administrative_transition,1460.0
4,con_derecho,grado_I,degree_assignment,1570.0
4,con_derecho,grado_II,degree_assignment,1713.0
4,con_derecho,grado_III,degree_assignment,1262.0
4,prestacion_efectiva,teleasistencia,benefit_assignment,854.0
4,prestacion_efectiva,ayuda_domicilio,benefit_assignment,584.0
4,prestacion_efectiva,atencion_residencial,benefit_assignment,289.0
4,prestacion_efectiva,cuidados_familiares,benefit_assignment,1189.0
5,sistema,vulnerables,hierarchy,6387.0
5,vulnerables,no_solicitantes,hierarchy,818.0
5,no_solicitantes,pendiente_grado,administrative_transition,194.0
5,pendiente_grado,sin_grado,administrative_transition,1069.0
5,pendiente_grado,con_derecho,administrative_transition,148.0
5,con_derecho,con_pia,administrative_transition,31.0
5,con_pia,prestacion_efectiva,administrative_transition,2909.0
5,con_pia,lista_espera,administrative_transition,1218.0
5,con_derecho,grado_I,degree_assignment,1611.0
5,con_derecho,grado_II,degree_assignment,1525.0
5,con_derecho,grado_III,degree_assignment,1170.0
5,prestacion_efectiva,teleasistencia,benefit_assignment,833.0
5,prestacion_efectiva,ayuda_domicilio,benefit_assignment,555.0
5,prestacion_efectiva,atencion_residencial,benefit_assignment,310.0
5,prestacion_efectiva,cuidados_familiares,benefit_assignment,1211.0
6,sistema,vulnerables,hierarchy,6387.0
6,vulnerables,no_solicitantes,hierarchy,775.0
6,no_solicitantes,pendiente_grado,administrative_transition,197.0
6,pendiente_grado,sin_grado,administrative_transition,822.0
6,pendiente_grado,con_derecho,administrative_transition,148.0
6,con_derecho,con_pia,administrative_transition,46.0
6,con_pia,prestacion_efectiva,administrative_transition,3319.0
6,con_pia,lista_espera,administrative_transition,1080.0
6,con_derecho,grado_I,degree_assignment,1591.0
6,con_derecho,grado_II,degree_assignment,1838.0
6,con_derecho,grado_III,degree_assignment,1164.0
6,prestacion_efectiva,teleasistencia,benefit_assignment,993.0
6,prestacion_efectiva,ayuda_domicilio,benefit_assignment,716.0
6,prestacion_efectiva,atencion_residencial,benefit_assignment,305.0
6,prestacion_efectiva,cuidados_familiares,benefit_assignment,1305.0
7,sistema,vulnerables,hierarchy,6387.0
7,vulnerables,no_solicitantes,hierarchy,894.0
7,no_solicitantes,pendiente_grado,administrative_transition,197.0
7,pendiente_grado,sin_grado,administrative_transition,1362.0
7,pendiente_grado,con_derecho,administrative_transition,147.0
7,con_derecho,con_pia,administrative_transition,40.0
7,con_pia,prestacion_efectiva,administrative_transition,2610.0
7,con_pia,lista_espera,administrative_transition,1137.0
7,con_derecho,grado_I,degree_assignment,1372.0
7,con_derecho,grado_II,degree_assignment,1381.0
7,con_derecho,grado_III,degree_assignment,1181.0
7,prestacion_efectiva,teleasistencia,benefit_assignment,779.0
7,prestacion_efectiva,ayuda_domicilio,benefit_assignment,581.0
7,prestacion_efectiva,atencion_residencial,benefit_assignment,298.0
7,prestacion_efectiva,cuidados_familiares,benefit_assignment,952.0
8,sistema,vulnerables,hierarchy,6387.0
8,vulnerables,no_solicitantes,hierarchy,748.0
8,no_solicitantes,pendiente_grado,administrative_transition,190.0
8,pendiente_grado,sin_grado,administrative_transition,968.0
8,pendiente_grado,con_derecho,administrative_transition,148.0
8,con_derecho,con_pia,administrative_transition,40.0
8,con_pia,prestacion_efectiva,administrative_transition,2997.0
8,con_pia,lista_espera,administrative_transition,1296.0
8,con_derecho,grado_I,degree_assignment,1790.0
8,con_derecho,grado_II,degree_assignment,1531.0
8,con_derecho,grado_III,degree_assignment,1160.0
8,prestacion_efectiva,teleasistencia,benefit_assignment,974.0
8,prestacion_efectiva,ayuda_domicilio,benefit_assignment,552.0
8,prestacion_efectiva,atencion_residencial,benefit_assignment,292.0
8,prestacion_efectiva,cuidados_familiares,benefit_assignment,1179.0
9,sistema,vulnerables,hierarchy,6387.0
9,vulnerables,no_solicitantes,hierarchy,878.0
9,no_solicitantes,pendiente_grado,administrative_transition,184.0
9,pendiente_grado,sin_grado,administrative_transition,1352.0
9,pendiente_grado,con_derecho,administrative_transition,130.0
9,con_derecho,con_pia,administrative_transition,31.0
9,con_pia,prestacion_efectiva,administrative_transition,2506.0
9,con_pia,lista_espera,administrative_transition,1306.0
9,con_derecho,grado_I,degree_assignment,1378.0
9,con_derecho,grado_II,degree_assignment,1581.0
9,con_derecho,grado_III,degree_assignment,1014.0
9,prestacion_efectiva,teleasistencia,benefit_assignment,771.0
9,prestacion_efectiva,ayuda_domicilio,benefit_assignment,498.0
9,prestacion_efectiva,atencion_residencial,benefit_assignment,268.0
9,prestacion_efectiva,cuidados_familiares,benefit_assignment,969.0
10,sistema,vulnerables,hierarchy,6387.0
10,vulnerables,no_solicitantes,hierarchy,589.0
10,no_solicitantes,pendiente_grado,administrative_transition,167.0
10,pendiente_grado,sin_grado,administrative_transition,889.0
10,pendiente_grado,con_derecho,administrative_transition,134.0
10,con_derecho,con_pia,administrative_transition,37.0
10,con_pia,prestacion_efectiva,administrative_transition,3515.0
10,con_pia,lista_espera,administrative_transition,1056.0
10,con_derecho,grado_I,degree_assignment,1690.0
10,con_derecho,grado_II,degree_assignment,1945.0
10,con_derecho,grado_III,degree_assignment,1107.0
10,prestacion_efectiva,teleasistencia,benefit_assignment,1201.0
10,prestacion_efectiva,ayuda_domicilio,benefit_assignment,716.0
10,prestacion_efectiva,atencion_residencial,benefit_assignment,359.0
10,prestacion_efectiva,cuidados_familiares,benefit_assignment,1239.0
11,sistema,vulnerables,hierarchy,6387.0
11,vulnerables,no_solicitantes,hierarchy,653.0
11,no_solicitantes,pendiente_grado,administrative_transition,148.0
11,pendiente_grado,sin_grado,administrative_transition,1146.0
11,pendiente_grado,con_derecho,administrative_transition,131.0
11,con_derecho,con_pia,administrative_transition,29.0
11,con_pia,prestacion_efectiva,administrative_transition,3278.0
11,con_pia,lista_espera,administrative_transition,1002.0
11,con_derecho,grado_I,degree_assignment,1546.0
11,con_derecho,grado_II,degree_assignment,1686.0
11,con_derecho,grado_III,degree_assignment,1208.0
11,prestacion_efectiva,teleasistencia,benefit_assignment,1043.0
11,prestacion_efectiva,ayuda_domicilio,benefit_assignment,621.0
11,prestacion_efectiva,atencion_residencial,benefit_assignment,343.0
11,prestacion_efectiva,cuidados_familiares,benefit_assignment,1271.0
12,sistema,vulnerables,hierarchy,6387.0
12,vulnerables,no_solicitantes,hierarchy,616.0
12,no_solicitantes,pendiente_grado,administrative_transition,191.0
12,pendiente_grado,sin_grado,administrative_transition,982.0
12,pendiente_grado,con_derecho,administrative_transition,141.0
12,con_derecho,con_pia,administrative_transition,30.0
12,con_pia,prestacion_efectiva,administrative_transition,3363.0
12,con_pia,lista_espera,administrative_transition,1064.0
12,con_derecho,grado_I,degree_assignment,1609.0
12,con_derecho,grado_II,degree_assignment,1740.0
12,con_derecho,grado_III,degree_assignment,1249.0
12,prestacion_efectiva,teleasistencia,benefit_assignment,983.0
12,prestacion_efectiva,ayuda_domicilio,benefit_assignment,757.0
12,prestacion_efectiva,atencion_residencial,benefit_assignment,341.0
12,prestacion_efectiva,cuidados_familiares,benefit_assignment,1282.0
13,sistema,vulnerables,hierarchy,6387.0
13,vulnerables,no_solicitantes,hierarchy,933.0
13,no_solicitantes,pendiente_grado,administrative_transition,187.0
13,pendiente_grado,sin_grado,administrative_transition,1308.0
13,pendiente_grado,con_derecho,administrative_transition,143.0
13,con_derecho,con_pia,administrative_transition,47.0
13,con_pia,prestacion_efectiva,administrative_transition,2813.0
13,con_pia,lista_espera,administrative_transition,956.0
13,con_derecho,grado_I,degree_assignment,1499.0
13,con_derecho,grado_II,degree_assignment,1399.0
13,con_derecho,grado_III,degree_assignment,1061.0
13,prestacion_efectiva,teleasistencia,benefit_assignment,869.0
13,prestacion_efectiva,ayuda_domicilio,benefit_assignment,614.0
13,prestacion_efectiva,atencion_residencial,benefit_assignment,323.0
13,prestacion_efectiva,cuidados_familiares,benefit_assignment,1007.0
14,sistema,vulnerables,hierarchy,6387.0
14,vulnerables,no_solicitantes,hierarchy,642.0
14,no_solicitantes,pendiente_grado,administrative_transition,152.0
14,pendiente_grado,sin_grado,administrative_transition,1138.0
14,pendiente_grado,con_derecho,administrative_transition,118.0
14,con_derecho,con_pia,administrative_transition,36.0
14,con_pia,prestacion_efectiva,administrative_transition,3159.0
14,con_pia,lista_espera,administrative_transition,1142.0
14,con_derecho,grado_I,degree_assignment,1751.0
14,con_derecho,grado_II,degree_assignment,1547.0
14,con_derecho,grado_III,degree_assignment,1157.0
14,prestacion_efectiva,teleasistencia,benefit_assignment,972.0
14,prestacion_efectiva,ayuda_domicilio,benefit_assignment,536.0
14,prestacion_efectiva,atencion_residencial,benefit_assignment,340.0
14,prestacion_efectiva,cuidados_familiares,benefit_assignment,1311.0
15,sistema,vulnerables,hierarchy,6387.0
15,vulnerables,no_solicitantes,hierarchy,909.0
15,no_solicitantes,pendiente_grado,administrative_transition,215.0
15,pendiente_grado,sin_grado,administrative_transition,1369.0
15,pendiente_grado,con_derecho,administrative_transition,136.0
15,con_derecho,con_pia,administrative_transition,21.0
15,con_pia,prestacion_efectiva,administrative_transition,2881.0
15,con_pia,lista_espera,administrative_transition,856.0
15,con_derecho,grado_I,degree_assignment,1313.0
15,con_derecho,grado_II,degree_assignment,1533.0
15,con_derecho,grado_III,degree_assignment,1048.0
15,prestacion_efectiva,teleasistencia,benefit_assignment,915.0
15,prestacion_efectiva,ayuda_domicilio,benefit_assignment,561.0
15,prestacion_efectiva,atencion_residencial,benefit_assignment,321.0
15,prestacion_efectiva,cuidados_familiares,benefit_assignment,1084.0
16,sistema,vulnerables,hierarchy,6387.0
16,vulnerables,no_solicitantes,hierarchy,704.0
16,no_solicitantes,pendiente_grado,administrative_transition,199.0
16,pendiente_grado,sin_grado,administrative_transition,889.0
16,pendiente_grado,con_derecho,administrative_transition,127.0
16,con_derecho,con_pia,administrative_transition,36.0
16,con_pia,prestacion_efectiva,administrative_transition,2829.0
16,con_pia,lista_espera,administrative_transition,1603.0
16,con_derecho,grado_I,degree_assignment,1729.0
16,con_derecho,grado_II,degree_assignment,1674.0
16,con_derecho,grado_III,degree_assignment,1192.0
16,prestacion_efectiva,teleasistencia,benefit_assignment,891.0
16,prestacion_efectiva,ayuda_domicilio,benefit_assignment,642.0
16,prestacion_efectiva,atencion_residencial,benefit_assignment,288.0
16,prestacion_efectiva,cuidados_familiares,benefit_assignment,1008.0
17,sistema,vulnerables,hierarchy,6387.0
17,vulnerables,no_solicitantes,hierarchy,858.0
17,no_solicitantes,pendiente_grado,administrative_transition,195.0
17,pendiente_grado,sin_grado,administrative_transition,638.0
17,pendiente_grado,con_derecho,administrative_transition,161.0
17,con_derecho,con_pia,administrative_transition,39.0
17,con_pia,prestacion_efectiva,administrative_transition,3381.0
17,con_pia,lista_espera,administrative_transition,1115.0
17,con_derecho,grado_I,degree_assignment,1754.0
17,con_derecho,grado_II,degree_assignment,1815.0
17,con_derecho,grado_III,degree_assignment,1127.0
17,prestacion_efectiva,teleasistencia,benefit_assignment,1090.0
17,prestacion_efectiva,ayuda_domicilio,benefit_assignment,677.0
17,prestacion_efectiva,atencion_residencial,benefit_assignment,366.0
17,prestacion_efectiva,cuidados_familiares,benefit_assignment,1248.0
18,sistema,vulnerables,hierarchy,6387.0
18,vulnerables,no_solicitantes,hierarchy,836.0
18,no_solicitantes,pendiente_grado,administrative_transition,177.0
18,pendiente_grado,sin_grado,administrative_transition,1285.0
18,pendiente_grado,con_derecho,administrative_transition,136.0
18,con_derecho,con_pia,administrative_transition,25.0
18,con_pia,prestacion_efectiva,administrative_transition,2724.0
18,con_pia,lista_espera,administrative_transition,1204.0
18,con_derecho,grado_I,degree_assignment,1373.0
18,con_derecho,grado_II,degree_assignment,1628.0
18,con_derecho,grado_III,degree_assignment,1088.0
18,prestacion_efectiva,teleasistencia,benefit_assignment,845.0
18,prestacion_efectiva,ayuda_domicilio,benefit_assignment,623.0
18,prestacion_efectiva,atencion_residencial,benefit_assignment,273.0
18,prestacion_efectiva,cuidados_familiares,benefit_assignment,983.0
19,sistema,vulnerables,hierarchy,6387.0
19,vulnerables,no_solicitantes,hierarchy,749.0
19,no_solicitantes,pendiente_grado,administrative_transition,168.0
19,pendiente_grado,sin_grado,administrative_transition,797.0
19,pendiente_grado,con_derecho,administrative_transition,153.0
19,con_derecho,con_pia,administrative_transition,29.0
19,con_pia,prestacion_efectiva,administrative_transition,2972.0
19,con_pia,lista_espera,administrative_transition,1519.0
19,con_derecho,grado_I,degree_assignment,1798.0
19,con_derecho,grado_II,degree_assignment,1697.0
19,con_derecho,grado_III,degree_assignment,1178.0
19,prestacion_efectiva,teleasistencia,benefit_assignment,910.0
19,prestacion_efectiva,ayuda_domicilio,benefit_assignment,628.0
19,prestacion_efectiva,atencion_residencial,benefit_assignment,290.0
19,prestacion_efectiva,cuidados_familiares,benefit_assignment,1144.0
20,sistema,vulnerables,hierarchy,6387.0
20,vulnerables,no_solicitantes,hierarchy,624.0
20,no_solicitantes,pendiente_grado,administrative_transition,175.0
20,pendiente_grado,sin_grado,administrative_transition,700.0
20,pendiente_grado,con_derecho,administrative_transition,158.0
20,con_derecho,con_pia,administrative_transition,38.0
20,con_pia,prestacion_efectiva,administrative_transition,3283.0
20,con_pia,lista_espera,administrative_transition,1409.0
20,con_derecho,grado_I,degree_assignment,1795.0
20,con_derecho,grado_II,degree_assignment,1776.0
20,con_derecho,grado_III,degree_assignment,1317.0
20,prestacion_efectiva,teleasistencia,benefit_assignment,981.0
20,prestacion_efectiva,ayuda_domicilio,benefit_assignment,757.0
20,prestacion_efectiva,atencion_residencial,benefit_assignment,418.0
20,prestacion_efectiva,cuidados_familiares,benefit_assignment,1127.0
21,sistema,vulnerables,hierarchy,6387.0
21,vulnerables,no_solicitantes,hierarchy,801.0
21,no_solicitantes,pendiente_grado,administrative_transition,195.0
21,pendiente_grado,sin_grado,administrative_transition,685.0
21,pendiente_grado,con_derecho,administrative_transition,163.0
21,con_derecho,con_pia,administrative_transition,40.0
21,con_pia,prestacion_efectiva,administrative_transition,2890.0
21,con_pia,lista_espera,administrative_transition,1613.0
21,con_derecho,grado_I,degree_assignment,1830.0
21,con_derecho,grado_II,degree_assignment,1647.0
21,con_derecho,grado_III,degree_assignment,1229.0
21,prestacion_efectiva,teleasistencia,benefit_assignment,821.0
21,prestacion_efectiva,ayuda_domicilio,benefit_assignment,643.0
21,prestacion_efectiva,atencion_residencial,benefit_assignment,354.0
21,prestacion_efectiva,cuidados_familiares,benefit_assignment,1072.0
22,sistema,vulnerables,hierarchy,6387.0
22,vulnerables,no_solicitantes,hierarchy,779.0
22,no_solicitantes,pendiente_grado,administrative_transition,168.0
22,pendiente_grado,sin_grado,administrative_transition,1141.0
22,pendiente_grado,con_derecho,administrative_transition,131.0
22,con_derecho,con_pia,administrative_transition,28.0
22,con_pia,prestacion_efectiva,administrative_transition,2626.0
22,con_pia,lista_espera,administrative_transition,1514.0
22,con_derecho,grado_I,degree_assignment,1611.0
22,con_derecho,grado_II,degree_assignment,1573.0
22,con_derecho,grado_III,degree_assignment,1115.0
22,prestacion_efectiva,teleasistencia,benefit_assignment,809.0
22,prestacion_efectiva,ayuda_domicilio,benefit_assignment,513.0
22,prestacion_efectiva,atencion_residencial,benefit_assignment,282.0
22,prestacion_efectiva,cuidados_familiares,benefit_assignment,1022.0
23,sistema,vulnerables,hierarchy,6387.0
23,vulnerables,no_solicitantes,hierarchy,785.0
23,no_solicitantes,pendiente_grado,administrative_transition,175.0
23,pendiente_grado,sin_grado,administrative_transition,796.0
23,pendiente_grado,con_derecho,administrative_transition,168.0
23,con_derecho,con_pia,administrative_transition,32.0
23,con_pia,prestacion_efectiva,administrative_transition,3121.0
23,con_pia,lista_espera,administrative_transition,1310.0
23,con_derecho,grado_I,degree_assignment,1703.0
23,con_derecho,grado_II,degree_assignment,1674.0
23,con_derecho,grado_III,degree_assignment,1254.0
23,prestacion_efectiva,teleasistencia,benefit_assignment,1074.0
23,prestacion_efectiva,ayuda_domicilio,benefit_assignment,582.0
23,prestacion_efectiva,atencion_residencial,benefit_assignment,322.0
23,prestacion_efectiva,cuidados_familiares,benefit_assignment,1143.0
24,sistema,vulnerables,hierarchy,6387.0
24,vulnerables,no_solicitantes,hierarchy,898.0
24,no_solicitantes,pendiente_grado,administrative_transition,195.0
24,pendiente_grado,sin_grado,administrative_transition,1230.0
24,pendiente_grado,con_derecho,administrative_transition,153.0
24,con_derecho,con_pia,administrative_transition,29.0
24,con_pia,prestacion_efectiva,administrative_transition,2531.0
24,con_pia,lista_espera,administrative_transition,1351.0
24,con_derecho,grado_I,degree_assignment,1532.0
24,con_derecho,grado_II,degree_assignment,1494.0
24,con_derecho,grado_III,degree_assignment,1038.0
24,prestacion_efectiva,teleasistencia,benefit_assignment,831.0
24,prestacion_efectiva,ayuda_domicilio,benefit_assignment,552.0
24,prestacion_efectiva,atencion_residencial,benefit_assignment,272.0
24,prestacion_efectiva,cuidados_familiares,benefit_assignment,876.0
25,sistema,vulnerables,hierarchy,6387.0
25,vulnerables,no_solicitantes,hierarchy,927.0
25,no_solicitantes,pendiente_grado,administrative_transition,190.0
25,pendiente_grado,sin_grado,administrative_transition,626.0
25,pendiente_grado,con_derecho,administrative_transition,170.0
25,con_derecho,con_pia,administrative_transition,30.0
25,con_pia,prestacion_efectiva,administrative_transition,3445.0
25,con_pia,lista_espera,administrative_transition,999.0
25,con_derecho,grado_I,degree_assignment,1630.0
25,con_derecho,grado_II,degree_assignment,1758.0
25,con_derecho,grado_III,degree_assignment,1256.0
25,prestacion_efectiva,teleasistencia,benefit_assignment,1107.0
25,prestacion_efectiva,ayuda_domicilio,benefit_assignment,750.0
25,prestacion_efectiva,atencion_residencial,benefit_assignment,382.0
25,prestacion_efectiva,cuidados_familiares,benefit_assignment,1206.0
26,sistema,vulnerables,hierarchy,6387.0
26,vulnerables,no_solicitantes,hierarchy,686.0
26,no_solicitantes,pendiente_grado,administrative_transition,182.0
26,pendiente_grado,sin_grado,administrative_transition,898.0
26,pendiente_grado,con_derecho,administrative_transition,123.0
26,con_derecho,con_pia,administrative_transition,23.0
26,con_pia,prestacion_efectiva,administrative_transition,2883.0
26,con_pia,lista_espera,administrative_transition,1592.0
26,con_derecho,grado_I,degree_assignment,1724.0
26,con_derecho,grado_II,degree_assignment,1730.0
26,con_derecho,grado_III,degree_assignment,1167.0
26,prestacion_efectiva,teleasistencia,benefit_assignment,929.0
26,prestacion_efectiva,ayuda_domicilio,benefit_assignment,561.0
26,prestacion_efectiva,atencion_residencial,benefit_assignment,315.0
26,prestacion_efectiva,cuidados_familiares,benefit_assignment,1078.0
27,sistema,vulnerables,hierarchy,6387.0
27,vulnerables,no_solicitantes,hierarchy,659.0
27,no_solicitantes,pendiente_grado,administrative_transition,198.0
27,pendiente_grado,sin_grado,administrative_transition,1390.0
27,pendiente_grado,con_derecho,administrative_transition,150.0
27,con_derecho,con_pia,administrative_transition,28.0
27,con_pia,prestacion_efectiva,administrative_transition,2695.0
27,con_pia,lista_espera,administrative_transition,1267.0
27,con_derecho,grado_I,degree_assignment,1520.0
27,con_derecho,grado_II,degree_assignment,1485.0
27,con_derecho,grado_III,degree_assignment,1135.0
27,prestacion_efectiva,teleasistencia,benefit_assignment,783.0
27,prestacion_efectiva,ayuda_domicilio,benefit_assignment,563.0
27,prestacion_efectiva,atencion_residencial,benefit_assignment,307.0
27,prestacion_efectiva,cuidados_familiares,benefit_assignment,1042.0
28,sistema,vulnerables,hierarchy,6387.0
28,vulnerables,no_solicitantes,hierarchy,652.0
28,no_solicitantes,pendiente_grado,administrative_transition,151.0
28,pendiente_grado,sin_grado,administrative_transition,1130.0
28,pendiente_grado,con_derecho,administrative_transition,140.0
28,con_derecho,con_pia,administrative_transition,32.0
28,con_pia,prestacion_efectiva,administrative_transition,3267.0
28,con_pia,lista_espera,administrative_transition,1015.0
28,con_derecho,grado_I,degree_assignment,1430.0
28,con_derecho,grado_II,degree_assignment,1729.0
28,con_derecho,grado_III,degree_assignment,1295.0
28,prestacion_efectiva,teleasistencia,benefit_assignment,1010.0
28,prestacion_efectiva,ayuda_domicilio,benefit_assignment,677.0
28,prestacion_efectiva,atencion_residencial,benefit_assignment,378.0
28,prestacion_efectiva,cuidados_familiares,benefit_assignment,1202.0
29,sistema,vulnerables,hierarchy,6387.0
29,vulnerables,no_solicitantes,hierarchy,820.0
29,no_solicitantes,pendiente_grado,administrative_transition,193.0
29,pendiente_grado,sin_grado,administrative_transition,1532.0
29,pendiente_grado,con_derecho,administrative_transition,108.0
29,con_derecho,con_pia,administrative_transition,20.0
29,con_pia,prestacion_efectiva,administrative_transition,2770.0
29,con_pia,lista_espera,administrative_transition,944.0
29,con_derecho,grado_I,degree_assignment,1544.0
29,con_derecho,grado_II,degree_assignment,1379.0
29,con_derecho,grado_III,degree_assignment,919.0
29,prestacion_efectiva,teleasistencia,benefit_assignment,788.0
29,prestacion_efectiva,ayuda_domicilio,benefit_assignment,548.0
29,prestacion_efectiva,atencion_residencial,benefit_assignment,282.0
29,prestacion_efectiva,cuidados_familiares,benefit_assignment,1152.0
30,sistema,vulnerables,hierarchy,6387.0
30,vulnerables,no_solicitantes,hierarchy,891.0
30,no_solicitantes,pendiente_grado,administrative_transition,191.0
30,pendiente_grado,sin_grado,administrative_transition,625.0
30,pendiente_grado,con_derecho,administrative_transition,180.0
30,con_derecho,con_pia,administrative_transition,38.0
30,con_pia,prestacion_efectiva,administrative_transition,3200.0
30,con_pia,lista_espera,administrative_transition,1262.0
30,con_derecho,grado_I,degree_assignment,1620.0
30,con_derecho,grado_II,degree_assignment,1783.0
30,con_derecho,grado_III,degree_assignment,1277.0
30,prestacion_efectiva,teleasistencia,benefit_assignment,966.0
30,prestacion_efectiva,ayuda_domicilio,benefit_assignment,727.0
30,prestacion_efectiva,atencion_residencial,benefit_assignment,360.0
30,prestacion_efectiva,cuidados_familiares,benefit_assignment,1147.0
31,sistema,vulnerables,hierarchy,6387.0
31,vulnerables,no_solicitantes,hierarchy,794.0
31,no_solicitantes,pendiente_grado,administrative_transition,184.0
31,pendiente_grado,sin_grado,administrative_transition,963.0
31,pendiente_grado,con_derecho,administrative_transition,165.0
31,con_derecho,con_pia,administrative_transition,37.0
31,con_pia,prestacion_efectiva,administrative_transition,2970.0
31,con_pia,lista_espera,administrative_transition,1274.0
31,con_derecho,grado_I,degree_assignment,1658.0
31,con_derecho,grado_II,degree_assignment,1699.0
31,con_derecho,grado_III,degree_assignment,1089.0
31,prestacion_efectiva,teleasistencia,benefit_assignment,934.0
31,prestacion_efectiva,ayuda_domicilio,benefit_assignment,579.0
31,prestacion_efectiva,atencion_residencial,benefit_assignment,378.0
31,prestacion_efectiva,cuidados_familiares,benefit_assignment,1079.0
32,sistema,vulnerables,hierarchy,6387.0
32,vulnerables,no_solicitantes,hierarchy,627.0
32,no_solicitantes,pendiente_grado,administrative_transition,171.0
32,pendiente_grado,sin_grado,administrative_transition,1367.0
32,pendiente_grado,con_derecho,administrative_transition,144.0
32,con_derecho,con_pia,administrative_transition,34.0
32,con_pia,prestacion_efectiva,administrative_transition,2717.0
32,con_pia,lista_espera,administrative_transition,1327.0
32,con_derecho,grado_I,degree_assignment,1578.0
32,con_derecho,grado_II,degree_assignment,1612.0
32,con_derecho,grado_III,degree_assignment,1032.0
32,prestacion_efectiva,teleasistencia,benefit_assignment,808.0
32,prestacion_efectiva,ayuda_domicilio,benefit_assignment,598.0
32,prestacion_efectiva,atencion_residencial,benefit_assignment,329.0
32,prestacion_efectiva,cuidados_familiares,benefit_assignment,982.0
33,sistema,vulnerables,hierarchy,6387.0
33,vulnerables,no_solicitantes,hierarchy,791.0
33,no_solicitantes,pendiente_grado,administrative_transition,179.0
33,pendiente_grado,sin_grado,administrative_transition,1455.0
33,pendiente_grado,con_derecho,administrative_transition,105.0
33,con_derecho,con_pia,administrative_transition,30.0
33,con_pia,prestacion_efectiva,administrative_transition,2773.0
33,con_pia,lista_espera,administrative_transition,1054.0
33,con_derecho,grado_I,degree_assignment,1417.0
33,con_derecho,grado_II,degree_assignment,1501.0
33,con_derecho,grado_III,degree_assignment,1044.0
33,prestacion_efectiva,teleasistencia,benefit_assignment,825.0
33,prestacion_efectiva,ayuda_domicilio,benefit_assignment,567.0
33,prestacion_efectiva,atencion_residencial,benefit_assignment,292.0
33,prestacion_efectiva,cuidados_familiares,benefit_assignment,1089.0
34,sistema,vulnerables,hierarchy,6387.0
34,vulnerables,no_solicitantes,hierarchy,804.0
34,no_solicitantes,pendiente_grado,administrative_transition,160.0
34,pendiente_grado,sin_grado,administrative_transition,1319.0
34,pendiente_grado,con_derecho,administrative_transition,143.0
34,con_derecho,con_pia,administrative_transition,21.0
34,con_pia,prestacion_efectiva,administrative_transition,2704.0
34,con_pia,lista_espera,administrative_transition,1236.0
34,con_derecho,grado_I,degree_assignment,1480.0
34,con_derecho,grado_II,degree_assignment,1536.0
34,con_derecho,grado_III,degree_assignment,1088.0
34,prestacion_efectiva,teleasistencia,benefit_assignment,871.0
34,prestacion_efectiva,ayuda_domicilio,benefit_assignment,532.0
34,prestacion_efectiva,atencion_residencial,benefit_assignment,321.0
34,prestacion_efectiva,cuidados_familiares,benefit_assignment,980.0
35,sistema,vulnerables,hierarchy,6387.0
35,vulnerables,no_solicitantes,hierarchy,664.0
35,no_solicitantes,pendiente_grado,administrative_transition,205.0
35,pendiente_grado,sin_grado,administrative_transition,1325.0
35,pendiente_grado,con_derecho,administrative_transition,124.0
35,con_derecho,con_pia,administrative_transition,30.0
35,con_pia,prestacion_efectiva,administrative_transition,2587.0
35,con_pia,lista_espera,administrative_transition,1452.0
35,con_derecho,grado_I,degree_assignment,1536.0
35,con_derecho,grado_II,degree_assignment,1547.0
35,con_derecho,grado_III,degree_assignment,1110.0
35,prestacion_efectiva,teleasistencia,benefit_assignment,737.0
35,prestacion_efectiva,ayuda_domicilio,benefit_assignment,555.0
35,prestacion_efectiva,atencion_residencial,benefit_assignment,277.0
35,prestacion_efectiva,cuidados_familiares,benefit_assignment,1018.0
36,sistema,vulnerables,hierarchy,6387.0
36,vulnerables,no_solicitantes,hierarchy,695.0
36,no_solicitantes,pendiente_grado,administrative_transition,200.0
36,pendiente_grado,sin_grado,administrative_transition,704.0
36,pendiente_grado,con_derecho,administrative_transition,165.0
36,con_derecho,con_pia,administrative_transition,34.0
36,con_pia,prestacion_efectiva,administrative_transition,3030.0
36,con_pia,lista_espera,administrative_transition,1559.0
36,con_derecho,grado_I,degree_assignment,1831.0
36,con_derecho,grado_II,degree_assignment,1764.0
36,con_derecho,grado_III,degree_assignment,1193.0
36,prestacion_efectiva,teleasistencia,benefit_assignment,950.0
36,prestacion_efectiva,ayuda_domicilio,benefit_assignment,674.0
36,prestacion_efectiva,atencion_residencial,benefit_assignment,299.0
36,prestacion_efectiva,cuidados_familiares,benefit_assignment,1107.0
37,sistema,vulnerables,hierarchy,6387.0
37,vulnerables,no_solicitantes,hierarchy,903.0
37,no_solicitantes,pendiente_grado,administrative_transition,202.0
37,pendiente_grado,sin_grado,administrative_transition,1336.0
37,pendiente_grado,con_derecho,administrative_transition,146.0
37,con_derecho,con_pia,administrative_transition,20.0
37,con_pia,prestacion_efectiva,administrative_transition,2713.0
37,con_pia,lista_espera,administrative_transition,1067.0
37,con_derecho,grado_I,degree_assignment,1455.0
37,con_derecho,grado_II,degree_assignment,1480.0
37,con_derecho,grado_III,degree_assignment,1011.0
37,prestacion_efectiva,teleasistencia,benefit_assignment,874.0
37,prestacion_efectiva,ayuda_domicilio,benefit_assignment,552.0
37,prestacion_efectiva,atencion_residencial,benefit_assignment,269.0
37,prestacion_efectiva,cuidados_familiares,benefit_assignment,1018.0
38,sistema,vulnerables,hierarchy,6387.0
38,vulnerables,no_solicitantes,hierarchy,822.0
38,no_solicitantes,pendiente_grado,administrative_transition,192.0
38,pendiente_grado,sin_grado,administrative_transition,883.0
38,pendiente_grado,con_derecho,administrative_transition,142.0
38,con_derecho,con_pia,administrative_transition,34.0
38,con_pia,prestacion_efectiva,administrative_transition,2924.0
38,con_pia,lista_espera,administrative_transition,1390.0
38,con_derecho,grado_I,degree_assignment,1639.0
38,con_derecho,grado_II,degree_assignment,1637.0
38,con_derecho,grado_III,degree_assignment,1214.0
38,prestacion_efectiva,teleasistencia,benefit_assignment,862.0
38,prestacion_efectiva,ayuda_domicilio,benefit_assignment,635.0
38,prestacion_efectiva,atencion_residencial,benefit_assignment,310.0
38,prestacion_efectiva,cuidados_familiares,benefit_assignment,1117.0
39,sistema,vulnerables,hierarchy,6387.0
39,vulnerables,no_solicitantes,hierarchy,792.0
39,no_solicitantes,pendiente_grado,administrative_transition,189.0
39,pendiente_grado,sin_grado,administrative_transition,1015.0
39,pendiente_grado,con_derecho,administrative_transition,146.0
39,con_derecho,con_pia,administrative_transition,32.0
39,con_pia,prestacion_efectiva,administrative_transition,3134.0
39,con_pia,lista_espera,administrative_transition,1079.0
39,con_derecho,grado_I,degree_assignment,1512.0
39,con_derecho,grado_II,degree_assignment,1658.0
39,con_derecho,grado_III,degree_assignment,1221.0
39,prestacion_efectiva,teleasistencia,benefit_assignment,1015.0
39,prestacion_efectiva,ayuda_domicilio,benefit_assignment,682.0
39,prestacion_efectiva,atencion_residencial,benefit_assignment,308.0
39,prestacion_efectiva,cuidados_familiares,benefit_assignment,1129.0
40,sistema,vulnerables,hierarchy,6387.0
40,vulnerables,no_solicitantes,hierarchy,830.0
40,no_solicitantes,pendiente_grado,administrative_transition,207.0
40,pendiente_grado,sin_grado,administrative_transition,999.0
40,pendiente_grado,con_derecho,administrative_transition,137.0
40,con_derecho,con_pia,administrative_transition,42.0
40,con_pia,prestacion_efectiva,administrative_transition,3069.0
40,con_pia,lista_espera,administrative_transition,1103.0
40,con_derecho,grado_I,degree_assignment,1640.0
40,con_derecho,grado_II,degree_assignment,1628.0
40,con_derecho,grado_III,degree_assignment,1083.0
40,prestacion_efectiva,teleasistencia,benefit_assignment,1059.0
40,prestacion_efectiva,ayuda_domicilio,benefit_assignment,635.0
40,prestacion_efectiva,atencion_residencial,benefit_assignment,319.0
40,prestacion_efectiva,cuidados_familiares,benefit_assignment,1056.0
41,sistema,vulnerables,hierarchy,6387.0
41,vulnerables,no_solicitantes,hierarchy,714.0
41,no_solicitantes,pendiente_grado,administrative_transition,195.0
41,pendiente_grado,sin_grado,administrative_transition,1428.0
41,pendiente_grado,con_derecho,administrative_transition,141.0
41,con_derecho,con_pia,administrative_transition,27.0
41,con_pia,prestacion_efectiva,administrative_transition,2480.0
41,con_pia,lista_espera,administrative_transition,1402.0
41,con_derecho,grado_I,degree_assignment,1534.0
41,con_derecho,grado_II,degree_assignment,1457.0
41,con_derecho,grado_III,degree_assignment,1059.0
41,prestacion_efectiva,teleasistencia,benefit_assignment,859.0
41,prestacion_efectiva,ayuda_domicilio,benefit_assignment,483.0
41,prestacion_efectiva,atencion_residencial,benefit_assignment,247.0
41,prestacion_efectiva,cuidados_familiares,benefit_assignment,891.0
42,sistema,vulnerables,hierarchy,6387.0
42,vulnerables,no_solicitantes,hierarchy,652.0
42,no_solicitantes,pendiente_grado,administrative_transition,162.0
42,pendiente_grado,sin_grado,administrative_transition,1507.0
42,pendiente_grado,con_derecho,administrative_transition,146.0
42,con_derecho,con_pia,administrative_transition,36.0
42,con_pia,prestacion_efectiva,administrative_transition,3009.0
42,con_pia,lista_espera,administrative_transition,875.0
42,con_derecho,grado_I,degree_assignment,1497.0
42,con_derecho,grado_II,degree_assignment,1462.0
42,con_derecho,grado_III,degree_assignment,1107.0
42,prestacion_efectiva,teleasistencia,benefit_assignment,898.0
42,prestacion_efectiva,ayuda_domicilio,benefit_assignment,678.0
42,prestacion_efectiva,atencion_residencial,benefit_assignment,351.0
42,prestacion_efectiva,cuidados_familiares,benefit_assignment,1082.0
43,sistema,vulnerables,hierarchy,6387.0
43,vulnerables,no_solicitantes,hierarchy,819.0
43,no_solicitantes,pendiente_grado,administrative_transition,186.0
43,pendiente_grado,sin_grado,administrative_transition,1399.0
43,pendiente_grado,con_derecho,administrative_transition,129.0
43,con_derecho,con_pia,administrative_transition,31.0
43,con_pia,prestacion_efectiva,administrative_transition,2504.0
43,con_pia,lista_espera,administrative_transition,1319.0
43,con_derecho,grado_I,degree_assignment,1363.0
43,con_derecho,grado_II,degree_assignment,1526.0
43,con_derecho,grado_III,degree_assignment,1094.0
43,prestacion_efectiva,teleasistencia,benefit_assignment,769.0
43,prestacion_efectiva,ayuda_domicilio,benefit_assignment,541.0
43,prestacion_efectiva,atencion_residencial,benefit_assignment,269.0
43,prestacion_efectiva,cuidados_familiares,benefit_assignment,925.0
44,sistema,vulnerables,hierarchy,6387.0
44,vulnerables,no_solicitantes,hierarchy,661.0
44,no_solicitantes,pendiente_grado,administrative_transition,234.0
44,pendiente_grado,sin_grado,administrative_transition,778.0
44,pendiente_grado,con_derecho,administrative_transition,150.0
44,con_derecho,con_pia,administrative_transition,33.0
44,con_pia,prestacion_efectiva,administrative_transition,2828.0
44,con_pia,lista_espera,administrative_transition,1703.0
44,con_derecho,grado_I,degree_assignment,1680.0
44,con_derecho,grado_II,degree_assignment,1847.0
44,con_derecho,grado_III,degree_assignment,1187.0
44,prestacion_efectiva,teleasistencia,benefit_assignment,811.0
44,prestacion_efectiva,ayuda_domicilio,benefit_assignment,629.0
44,prestacion_efectiva,atencion_residencial,benefit_assignment,254.0
44,prestacion_efectiva,cuidados_familiares,benefit_assignment,1134.0
45,sistema,vulnerables,hierarchy,6387.0
45,vulnerables,no_solicitantes,hierarchy,908.0
45,no_solicitantes,pendiente_grado,administrative_transition,208.0
45,pendiente_grado,sin_grado,administrative_transition,732.0
45,pendiente_grado,con_derecho,administrative_transition,165.0
45,con_derecho,con_pia,administrative_transition,37.0
45,con_pia,prestacion_efectiva,administrative_transition,2937.0
45,con_pia,lista_espera,administrative_transition,1400.0
45,con_derecho,grado_I,degree_assignment,1581.0
45,con_derecho,grado_II,degree_assignment,1781.0
45,con_derecho,grado_III,degree_assignment,1177.0
45,prestacion_efectiva,teleasistencia,benefit_assignment,982.0
45,prestacion_efectiva,ayuda_domicilio,benefit_assignment,572.0
45,prestacion_efectiva,atencion_residencial,benefit_assignment,300.0
45,prestacion_efectiva,cuidados_familiares,benefit_assignment,1083.0
46,sistema,vulnerables,hierarchy,6387.0
46,vulnerables,no_solicitantes,hierarchy,815.0
46,no_solicitantes,pendiente_grado,administrative_transition,216.0
46,pendiente_grado,sin_grado,administrative_transition,745.0
46,pendiente_grado,con_derecho,administrative_transition,148.0
46,con_derecho,con_pia,administrative_transition,35.0
46,con_pia,prestacion_efectiva,administrative_transition,3119.0
46,con_pia,lista_espera,administrative_transition,1309.0
46,con_derecho,grado_I,degree_assignment,1672.0
46,con_derecho,grado_II,degree_assignment,1722.0
46,con_derecho,grado_III,degree_assignment,1217.0
46,prestacion_efectiva,teleasistencia,benefit_assignment,954.0
46,prestacion_efectiva,ayuda_domicilio,benefit_assignment,771.0
46,prestacion_efectiva,atencion_residencial,benefit_assignment,324.0
46,prestacion_efectiva,cuidados_familiares,benefit_assignment,1070.0
47,sistema,vulnerables,hierarchy,6387.0
47,vulnerables,no_solicitantes,hierarchy,898.0
47,no_solicitantes,pendiente_grado,administrative_transition,219.0
47,pendiente_grado,sin_grado,administrative_transition,661.0
47,pendiente_grado,con_derecho,administrative_transition,165.0
47,con_derecho,con_pia,administrative_transition,31.0
47,con_pia,prestacion_efectiva,administrative_transition,3282.0
47,con_pia,lista_espera,administrative_transition,1131.0
47,con_derecho,grado_I,degree_assignment,1614.0
47,con_derecho,grado_II,degree_assignment,1677.0
47,con_derecho,grado_III,degree_assignment,1318.0
47,prestacion_efectiva,teleasistencia,benefit_assignment,994.0
47,prestacion_efectiva,ayuda_domicilio,benefit_assignment,653.0
47,prestacion_efectiva,atencion_residencial,benefit_assignment,325.0
47,prestacion_efectiva,cuidados_familiares,benefit_assignment,1310.0
48,sistema,vulnerables,hierarchy,6387.0
48,vulnerables,no_solicitantes,hierarchy,896.0
48,no_solicitantes,pendiente_grado,administrative_transition,223.0
48,pendiente_grado,sin_grado,administrative_transition,878.0
48,pendiente_grado,con_derecho,administrative_transition,145.0
48,con_derecho,con_pia,administrative_transition,28.0
48,con_pia,prestacion_efectiva,administrative_transition,3045.0
48,con_pia,lista_espera,administrative_transition,1172.0
48,con_derecho,grado_I,degree_assignment,1533.0
48,con_derecho,grado_II,degree_assignment,1576.0
48,con_derecho,grado_III,degree_assignment,1281.0
48,prestacion_efectiva,teleasistencia,benefit_assignment,1068.0
48,prestacion_efectiva,ayuda_domicilio,benefit_assignment,630.0
48,prestacion_efectiva,atencion_residencial,benefit_assignment,282.0
48,prestacion_efectiva,cuidados_familiares,benefit_assignment,1065.0
49,sistema,vulnerables,hierarchy,6387.0
49,vulnerables,no_solicitantes,hierarchy,921.0
49,no_solicitantes,pendiente_grado,administrative_transition,226.0
49,pendiente_grado,sin_grado,administrative_transition,863.0
49,pendiente_grado,con_derecho,administrative_transition,165.0
49,con_derecho,con_pia,administrative_transition,41.0
49,con_pia,prestacion_efectiva,administrative_transition,3168.0
49,con_pia,lista_espera,administrative_transition,1003.0
49,con_derecho,grado_I,degree_assignment,1606.0
49,con_derecho,grado_II,degree_assignment,1648.0
49,con_derecho,grado_III,degree_assignment,1123.0
49,prestacion_efectiva,teleasistencia,benefit_assignment,1053.0
49,prestacion_efectiva,ayuda_domicilio,benefit_assignment,626.0
49,prestacion_efectiva,atencion_residencial,benefit_assignment,360.0
49,prestacion_efectiva,cuidados_familiares,benefit_assignment,1129.0
50,sistema,vulnerables,hierarchy,6387.0
50,vulnerables,no_solicitantes,hierarchy,834.0
50,no_solicitantes,pendiente_grado,administrative_transition,166.0
50,pendiente_grado,sin_grado,administrative_transition,1057.0
50,pendiente_grado,con_derecho,administrative_transition,114.0
50,con_derecho,con_pia,administrative_transition,30.0
50,con_pia,prestacion_efectiva,administrative_transition,3157.0
50,con_pia,lista_espera,administrative_transition,1029.0
50,con_derecho,grado_I,degree_assignment,1619.0
50,con_derecho,grado_II,degree_assignment,1554.0
50,con_derecho,grado_III,degree_assignment,1157.0
50,prestacion_efectiva,teleasistencia,benefit_assignment,874.0
50,prestacion_efectiva,ayuda_domicilio,benefit_assignment,639.0
50,prestacion_efectiva,atencion_residencial,benefit_assignment,377.0
50,prestacion_efectiva,cuidados_familiares,benefit_assignment,1267.0
51,sistema,vulnerables,hierarchy,6387.0
51,vulnerables,no_solicitantes,hierarchy,644.0
51,no_solicitantes,pendiente_grado,administrative_transition,159.0
51,pendiente_grado,sin_grado,administrative_transition,1031.0
51,pendiente_grado,con_derecho,administrative_transition,132.0
51,con_derecho,con_pia,administrative_transition,23.0
51,con_pia,prestacion_efectiva,administrative_transition,2806.0
51,con_pia,lista_espera,administrative_transition,1592.0
51,con_derecho,grado_I,degree_assignment,1728.0
51,con_derecho,grado_II,degree_assignment,1684.0
51,con_derecho,grado_III,degree_assignment,1141.0
51,prestacion_efectiva,teleasistencia,benefit_assignment,869.0
51,prestacion_efectiva,ayuda_domicilio,benefit_assignment,562.0
51,prestacion_efectiva,atencion_residencial,benefit_assignment,348.0
51,prestacion_efectiva,cuidados_familiares,benefit_assignment,1027.0
52,sistema,vulnerables,hierarchy,6387.0
52,vulnerables,no_solicitantes,hierarchy,703.0
52,no_solicitantes,pendiente_grado,administrative_transition,195.0
52,pendiente_grado,sin_grado,administrative_transition,1328.0
52,pendiente_grado,con_derecho,administrative_transition,145.0
52,con_derecho,con_pia,administrative_transition,23.0
52,con_pia,prestacion_efectiva,administrative_transition,2508.0
52,con_pia,lista_espera,administrative_transition,1485.0
52,con_derecho,grado_I,degree_assignment,1444.0
52,con_derecho,grado_II,degree_assignment,1676.0
52,con_derecho,grado_III,degree_assignment,1041.0
52,prestacion_efectiva,teleasistencia,benefit_assignment,827.0
52,prestacion_efectiva,ayuda_domicilio,benefit_assignment,589.0
52,prestacion_efectiva,atencion_residencial,benefit_assignment,246.0
52,prestacion_efectiva,cuidados_familiares,benefit_assignment,846.0
53,sistema,vulnerables,hierarchy,6387.0
53,vulnerables,no_solicitantes,hierarchy,674.0
53,no_solicitantes,pendiente_grado,administrative_transition,168.0
53,pendiente_grado,sin_grado,administrative_transition,634.0
53,pendiente_grado,con_derecho,administrative_transition,148.0
53,con_derecho,con_pia,administrative_transition,30.0
53,con_pia,prestacion_efectiva,administrative_transition,3622.0
53,con_pia,lista_espera,administrative_transition,1111.0
53,con_derecho,grado_I,degree_assignment,1744.0
53,con_derecho,grado_II,degree_assignment,1913.0
53,con_derecho,grado_III,degree_assignment,1254.0
53,prestacion_efectiva,teleasistencia,benefit_assignment,1023.0
53,prestacion_efectiva,ayuda_domicilio,benefit_assignment,736.0
53,prestacion_efectiva,atencion_residencial,benefit_assignment,446.0
53,prestacion_efectiva,cuidados_familiares,benefit_assignment,1417.0
54,sistema,vulnerables,hierarchy,6387.0
54,vulnerables,no_solicitantes,hierarchy,799.0
54,no_solicitantes,pendiente_grado,administrative_transition,180.0
54,pendiente_grado,sin_grado,administrative_transition,1156.0
54,pendiente_grado,con_derecho,administrative_transition,151.0
54,con_derecho,con_pia,administrative_transition,33.0
54,con_pia,prestacion_efectiva,administrative_transition,2996.0
54,con_pia,lista_espera,administrative_transition,1072.0
54,con_derecho,grado_I,degree_assignment,1635.0
54,con_derecho,grado_II,degree_assignment,1622.0
54,con_derecho,grado_III,degree_assignment,995.0
54,prestacion_efectiva,teleasistencia,benefit_assignment,920.0
54,prestacion_efectiva,ayuda_domicilio,benefit_assignment,610.0
54,prestacion_efectiva,atencion_residencial,benefit_assignment,336.0
54,prestacion_efectiva,cuidados_familiares,benefit_assignment,1130.0
55,sistema,vulnerables,hierarchy,6387.0
55,vulnerables,no_solicitantes,hierarchy,839.0
55,no_solicitantes,pendiente_grado,administrative_transition,218.0
55,pendiente_grado,sin_grado,administrative_transition,1121.0
55,pendiente_grado,con_derecho,administrative_transition,129.0
55,con_derecho,con_pia,administrative_transition,39.0
55,con_pia,prestacion_efectiva,administrative_transition,3035.0
55,con_pia,lista_espera,administrative_transition,1006.0
55,con_derecho,grado_I,degree_assignment,1518.0
55,con_derecho,grado_II,degree_assignment,1674.0
55,con_derecho,grado_III,degree_assignment,1017.0
55,prestacion_efectiva,teleasistencia,benefit_assignment,961.0
55,prestacion_efectiva,ayuda_domicilio,benefit_assignment,695.0
55,prestacion_efectiva,atencion_residencial,benefit_assignment,314.0
55,prestacion_efectiva,cuidados_familiares,benefit_assignment,1065.0
56,sistema,vulnerables,hierarchy,6387.0
56,vulnerables,no_solicitantes,hierarchy,834.0
56,no_solicitantes,pendiente_grado,administrative_transition,175.0
56,pendiente_grado,sin_grado,administrative_transition,1190.0
56,pendiente_grado,con_derecho,administrative_transition,167.0
56,con_derecho,con_pia,administrative_transition,36.0
56,con_pia,prestacion_efectiva,administrative_transition,2768.0
56,con_pia,lista_espera,administrative_transition,1217.0
56,con_derecho,grado_I,degree_assignment,1577.0
56,con_derecho,grado_II,degree_assignment,1615.0
56,con_derecho,grado_III,degree_assignment,996.0
56,prestacion_efectiva,teleasistencia,benefit_assignment,809.0
56,prestacion_efectiva,ayuda_domicilio,benefit_assignment,526.0
56,prestacion_efectiva,atencion_residencial,benefit_assignment,243.0
56,prestacion_efectiva,cuidados_familiares,benefit_assignment,1190.0
57,sistema,vulnerables,hierarchy,6387.0
57,vulnerables,no_solicitantes,hierarchy,767.0
57,no_solicitantes,pendiente_grado,administrative_transition,220.0
57,pendiente_grado,sin_grado,administrative_transition,1343.0
57,pendiente_grado,con_derecho,administrative_transition,159.0
57,con_derecho,con_pia,administrative_transition,34.0
57,con_pia,prestacion_efectiva,administrative_transition,2851.0
57,con_pia,lista_espera,administrative_transition,1013.0
57,con_derecho,grado_I,degree_assignment,1390.0
57,con_derecho,grado_II,degree_assignment,1548.0
57,con_derecho,grado_III,degree_assignment,1119.0
57,prestacion_efectiva,teleasistencia,benefit_assignment,882.0
57,prestacion_efectiva,ayuda_domicilio,benefit_assignment,618.0
57,prestacion_efectiva,atencion_residencial,benefit_assignment,303.0
57,prestacion_efectiva,cuidados_familiares,benefit_assignment,1048.0
58,sistema,vulnerables,hierarchy,6387.0
58,vulnerables,no_solicitantes,hierarchy,889.0
58,no_solicitantes,pendiente_grado,administrative_transition,195.0
58,pendiente_grado,sin_grado,administrative_transition,817.0
58,pendiente_grado,con_derecho,administrative_transition,165.0
58,con_derecho,con_pia,administrative_transition,28.0
58,con_pia,prestacion_efectiva,administrative_transition,3144.0
58,con_pia,lista_espera,administrative_transition,1149.0
58,con_derecho,grado_I,degree_assignment,1578.0
58,con_derecho,grado_II,degree_assignment,1746.0
58,con_derecho,grado_III,degree_assignment,1162.0
58,prestacion_efectiva,teleasistencia,benefit_assignment,859.0
58,prestacion_efectiva,ayuda_domicilio,benefit_assignment,672.0
58,prestacion_efectiva,atencion_residencial,benefit_assignment,336.0
58,prestacion_efectiva,cuidados_familiares,benefit_assignment,1277.0
59,sistema,vulnerables,hierarchy,6387.0
59,vulnerables,no_solicitantes,hierarchy,724.0
59,no_solicitantes,pendiente_grado,administrative_transition,195.0
59,pendiente_grado,sin_grado,administrative_transition,682.0
59,pendiente_grado,con_derecho,administrative_transition,114.0
59,con_derecho,con_pia,administrative_transition,30.0
59,con_pia,prestacion_efectiva,administrative_transition,3184.0
59,con_pia,lista_espera,administrative_transition,1458.0
59,con_derecho,grado_I,degree_assignment,1829.0
59,con_derecho,grado_II,degree_assignment,1709.0
59,con_derecho,grado_III,degree_assignment,1248.0
59,prestacion_efectiva,teleasistencia,benefit_assignment,899.0
59,prestacion_efectiva,ayuda_domicilio,benefit_assignment,690.0
59,prestacion_efectiva,atencion_residencial,benefit_assignment,296.0
59,prestacion_efectiva,cuidados_familiares,benefit_assignment,1299.0
60,sistema,vulnerables,hierarchy,6387.0
60,vulnerables,no_solicitantes,hierarchy,852.0
60,no_solicitantes,pendiente_grado,administrative_transition,183.0
60,pendiente_grado,sin_grado,administrative_transition,1359.0
60,pendiente_grado,con_derecho,administrative_transition,139.0
60,con_derecho,con_pia,administrative_transition,32.0
60,con_pia,prestacion_efectiva,administrative_transition,2695.0
60,con_pia,lista_espera,administrative_transition,1127.0
60,con_derecho,grado_I,degree_assignment,1365.0
60,con_derecho,grado_II,degree_assignment,1568.0
60,con_derecho,grado_III,degree_assignment,1060.0
60,prestacion_efectiva,teleasistencia,benefit_assignment,778.0
60,prestacion_efectiva,ayuda_domicilio,benefit_assignment,571.0
60,prestacion_efectiva,atencion_residencial,benefit_assignment,301.0
60,prestacion_efectiva,cuidados_familiares,benefit_assignment,1045.0
61,sistema,vulnerables,hierarchy,6387.0
61,vulnerables,no_solicitantes,hierarchy,585.0
61,no_solicitantes,pendiente_grado,administrative_transition,189.0
61,pendiente_grado,sin_grado,administrative_transition,947.0
61,pendiente_grado,con_derecho,administrative_transition,127.0
61,con_derecho,con_pia,administrative_transition,47.0
61,con_pia,prestacion_efectiva,administrative_transition,2979.0
61,con_pia,lista_espera,administrative_transition,1513.0
61,con_derecho,grado_I,degree_assignment,1630.0
61,con_derecho,grado_II,degree_assignment,1868.0
61,con_derecho,grado_III,degree_assignment,1168.0
61,prestacion_efectiva,teleasistencia,benefit_assignment,898.0
61,prestacion_efectiva,ayuda_domicilio,benefit_assignment,712.0
61,prestacion_efectiva,atencion_residencial,benefit_assignment,395.0
61,prestacion_efectiva,cuidados_familiares,benefit_assignment,974.0
62,sistema,vulnerables,hierarchy,6387.0
62,vulnerables,no_solicitantes,hierarchy,597.0
62,no_solicitantes,pendiente_grado,administrative_transition,139.0
62,pendiente_grado,sin_grado,administrative_transition,930.0
62,pendiente_grado,con_derecho,administrative_transition,142.0
62,con_derecho,con_pia,administrative_transition,25.0
62,con_pia,prestacion_efectiva,administrative_transition,3071.0
62,con_pia,lista_espera,administrative_transition,1483.0
62,con_derecho,grado_I,degree_assignment,1741.0
62,con_derecho,grado_II,degree_assignment,1831.0
62,con_derecho,grado_III,degree_assignment,1149.0
62,prestacion_efectiva,teleasistencia,benefit_assignment,872.0
62,prestacion_efectiva,ayuda_domicilio,benefit_assignment,666.0
62,prestacion_efectiva,atencion_residencial,benefit_assignment,331.0
62,prestacion_efectiva,cuidados_familiares,benefit_assignment,1202.0
63,sistema,vulnerables,hierarchy,6387.0
63,vulnerables,no_solicitantes,hierarchy,610.0
63,no_solicitantes,pendiente_grado,administrative_transition,163.0
63,pendiente_grado,sin_grado,administrative_transition,846.0
63,pendiente_grado,con_derecho,administrative_transition,131.0
63,con_derecho,con_pia,administrative_transition,35.0
63,con_pia,prestacion_efectiva,administrative_transition,3111.0
63,con_pia,lista_espera,administrative_transition,1491.0
63,con_derecho,grado_I,degree_assignment,1856.0
63,con_derecho,grado_II,degree_assignment,1767.0
63,con_derecho,grado_III,degree_assignment,1145.0
63,prestacion_efectiva,teleasistencia,benefit_assignment,937.0
63,prestacion_efectiva,ayuda_domicilio,benefit_assignment,679.0
63,prestacion_efectiva,atencion_residencial,benefit_assignment,297.0
63,prestacion_efectiva,cuidados_familiares,benefit_assignment,1198.0
64,sistema,vulnerables,hierarchy,6387.0
64,vulnerables,no_solicitantes,hierarchy,692.0
64,no_solicitantes,pendiente_grado,administrative_transition,154.0
64,pendiente_grado,sin_grado,administrative_transition,1537.0
64,pendiente_grado,con_derecho,administrative_transition,124.0
64,con_derecho,con_pia,administrative_transition,31.0
64,con_pia,prestacion_efectiva,administrative_transition,2821.0
64,con_pia,lista_espera,administrative_transition,1028.0
64,con_derecho,grado_I,degree_assignment,1285.0
64,con_derecho,grado_II,degree_assignment,1593.0
64,con_derecho,grado_III,degree_assignment,1126.0
64,prestacion_efectiva,teleasistencia,benefit_assignment,849.0
64,prestacion_efectiva,ayuda_domicilio,benefit_assignment,615.0
64,prestacion_efectiva,atencion_residencial,benefit_assignment,287.0
64,prestacion_efectiva,cuidados_familiares,benefit_assignment,1070.0
65,sistema,vulnerables,hierarchy,6387.0
65,vulnerables,no_solicitantes,hierarchy,833.0
65,no_solicitantes,pendiente_grado,administrative_transition,180.0
65,pendiente_grado,sin_grado,administrative_transition,613.0
65,pendiente_grado,con_derecho,administrative_transition,141.0
65,con_derecho,con_pia,administrative_transition,31.0
65,con_pia,prestacion_efectiva,administrative_transition,3244.0
65,con_pia,lista_espera,administrative_transition,1345.0
65,con_derecho,grado_I,degree_assignment,1680.0
65,con_derecho,grado_II,degree_assignment,1653.0
65,con_derecho,grado_III,degree_assignment,1428.0
65,prestacion_efectiva,teleasistencia,benefit_assignment,1005.0
65,prestacion_efectiva,ayuda_domicilio,benefit_assignment,652.0
65,prestacion_efectiva,atencion_residencial,benefit_assignment,341.0
65,prestacion_efectiva,cuidados_familiares,benefit_assignment,1246.0
66,sistema,vulnerables,hierarchy,6387.0
66,vulnerables,no_solicitantes,hierarchy,855.0
66,no_solicitantes,pendiente_grado,administrative_transition,169.0
66,pendiente_grado,sin_grado,administrative_transition,682.0
66,pendiente_grado,con_derecho,administrative_transition,157.0
66,con_derecho,con_pia,administrative_transition,42.0
66,con_pia,prestacion_efectiva,administrative_transition,2975.0
66,con_pia,lista_espera,administrative_transition,1507.0
66,con_derecho,grado_I,degree_assignment,1742.0
66,con_derecho,grado_II,degree_assignment,1720.0
66,con_derecho,grado_III,degree_assignment,1219.0
66,prestacion_efectiva,teleasistencia,benefit_assignment,887.0
66,prestacion_efectiva,ayuda_domicilio,benefit_assignment,646.0
66,prestacion_efectiva,atencion_residencial,benefit_assignment,344.0
66,prestacion_efectiva,cuidados_familiares,benefit_assignment,1098.0
67,sistema,vulnerables,hierarchy,6387.0
67,vulnerables,no_solicitantes,hierarchy,838.0
67,no_solicitantes,pendiente_grado,administrative_transition,225.0
67,pendiente_grado,sin_grado,administrative_transition,1019.0
67,pendiente_grado,con_derecho,administrative_transition,158.0
67,con_derecho,con_pia,administrative_transition,38.0
67,con_pia,prestacion_efectiva,administrative_transition,2907.0
67,con_pia,lista_espera,administrative_transition,1202.0
67,con_derecho,grado_I,degree_assignment,1591.0
67,con_derecho,grado_II,degree_assignment,1610.0
67,con_derecho,grado_III,degree_assignment,1104.0
67,prestacion_efectiva,teleasistencia,benefit_assignment,953.0
67,prestacion_efectiva,ayuda_domicilio,benefit_assignment,584.0
67,prestacion_efectiva,atencion_residencial,benefit_assignment,269.0
67,prestacion_efectiva,cuidados_familiares,benefit_assignment,1101.0
68,sistema,vulnerables,hierarchy,6387.0
68,vulnerables,no_solicitantes,hierarchy,605.0
68,no_solicitantes,pendiente_grado,administrative_transition,187.0
68,pendiente_grado,sin_grado,administrative_transition,837.0
68,pendiente_grado,con_derecho,administrative_transition,133.0
68,con_derecho,con_pia,administrative_transition,38.0
68,con_pia,prestacion_efectiva,administrative_transition,3186.0
68,con_pia,lista_espera,administrative_transition,1401.0
68,con_derecho,grado_I,degree_assignment,1657.0
68,con_derecho,grado_II,degree_assignment,1845.0
68,con_derecho,grado_III,degree_assignment,1256.0
68,prestacion_efectiva,teleasistencia,benefit_assignment,965.0
68,prestacion_efectiva,ayuda_domicilio,benefit_assignment,641.0
68,prestacion_efectiva,atencion_residencial,benefit_assignment,296.0
68,prestacion_efectiva,cuidados_familiares,benefit_assignment,1284.0
69,sistema,vulnerables,hierarchy,6387.0
69,vulnerables,no_solicitantes,hierarchy,671.0
69,no_solicitantes,pendiente_grado,administrative_transition,200.0
69,pendiente_grado,sin_grado,administrative_transition,696.0
69,pendiente_grado,con_derecho,administrative_transition,139.0
69,con_derecho,con_pia,administrative_transition,40.0
69,con_pia,prestacion_efectiva,administrative_transition,3207.0
69,con_pia,lista_espera,administrative_transition,1434.0
69,con_derecho,grado_I,degree_assignment,1852.0
69,con_derecho,grado_II,degree_assignment,1707.0
69,con_derecho,grado_III,degree_assignment,1261.0
69,prestacion_efectiva,teleasistencia,benefit_assignment,997.0
69,prestacion_efectiva,ayuda_domicilio,benefit_assignment,665.0
69,prestacion_efectiva,atencion_residencial,benefit_assignment,377.0
69,prestacion_efectiva,cuidados_familiares,benefit_assignment,1168.0
70,sistema,vulnerables,hierarchy,6387.0
70,vulnerables,no_solicitantes,hierarchy,741.0
70,no_solicitantes,pendiente_grado,administrative_transition,167.0
70,pendiente_grado,sin_grado,administrative_transition,1002.0
70,pendiente_grado,con_derecho,administrative_transition,140.0
70,con_derecho,con_pia,administrative_transition,22.0
70,con_pia,prestacion_efectiva,administrative_transition,3288.0
70,con_pia,lista_espera,administrative_transition,1027.0
70,con_derecho,grado_I,degree_assignment,1719.0
70,con_derecho,grado_II,degree_assignment,1638.0
70,con_derecho,grado_III,degree_assignment,1120.0
70,prestacion_efectiva,teleasistencia,benefit_assignment,986.0
70,prestacion_efectiva,ayuda_domicilio,benefit_assignment,664.0
70,prestacion_efectiva,atencion_residencial,benefit_assignment,381.0
70,prestacion_efectiva,cuidados_familiares,benefit_assignment,1257.0
71,sistema,vulnerables,hierarchy,6387.0
71,vulnerables,no_solicitantes,hierarchy,915.0
71,no_solicitantes,pendiente_grado,administrative_transition,197.0
71,pendiente_grado,sin_grado,administrative_transition,867.0
71,pendiente_grado,con_derecho,administrative_transition,174.0
71,con_derecho,con_pia,administrative_transition,35.0
71,con_pia,prestacion_efectiva,administrative_transition,2956.0
71,con_pia,lista_espera,administrative_transition,1243.0
71,con_derecho,grado_I,degree_assignment,1411.0
71,con_derecho,grado_II,degree_assignment,1726.0
71,con_derecho,grado_III,degree_assignment,1271.0
71,prestacion_efectiva,teleasistencia,benefit_assignment,859.0
71,prestacion_efectiva,ayuda_domicilio,benefit_assignment,666.0
71,prestacion_efectiva,atencion_residencial,benefit_assignment,354.0
71,prestacion_efectiva,cuidados_familiares,benefit_assignment,1077.0
72,sistema,vulnerables,hierarchy,6387.0
72,vulnerables,no_solicitantes,hierarchy,851.0
72,no_solicitantes,pendiente_grado,administrative_transition,198.0
72,pendiente_grado,sin_grado,administrative_transition,877.0
72,pendiente_grado,con_derecho,administrative_transition,172.0
72,con_derecho,con_pia,administrative_transition,40.0
72,con_pia,prestacion_efectiva,administrative_transition,2972.0
72,con_pia,lista_espera,administrative_transition,1277.0
72,con_derecho,grado_I,degree_assignment,1486.0
72,con_derecho,grado_II,degree_assignment,1789.0
72,con_derecho,grado_III,degree_assignment,1186.0
72,prestacion_efectiva,teleasistencia,benefit_assignment,866.0
72,prestacion_efectiva,ayuda_domicilio,benefit_assignment,548.0
72,prestacion_efectiva,atencion_residencial,benefit_assignment,352.0
72,prestacion_efectiva,cuidados_familiares,benefit_assignment,1206.0
73,sistema,vulnerables,hierarchy,6387.0
73,vulnerables,no_solicitantes,hierarchy,621.0
73,no_solicitantes,pendiente_grado,administrative_transition,179.0
73,pendiente_grado,sin_grado,administrative_transition,1450.0
73,pendiente_grado,con_derecho,administrative_transition,150.0
73,con_derecho,con_pia,administrative_transition,24.0
73,con_pia,prestacion_efectiva,administrative_transition,2898.0
73,con_pia,lista_espera,administrative_transition,1065.0
73,con_derecho,grado_I,degree_assignment,1505.0
73,con_derecho,grado_II,degree_assignment,1598.0
73,con_derecho,grado_III,degree_assignment,1034.0
73,prestacion_efectiva,teleasistencia,benefit_assignment,924.0
73,prestacion_efectiva,ayuda_domicilio,benefit_assignment,631.0
73,prestacion_efectiva,atencion_residencial,benefit_assignment,305.0
73,prestacion_efectiva,cuidados_familiares,benefit_assignment,1038.0
74,sistema,vulnerables,hierarchy,6387.0
74,vulnerables,no_solicitantes,hierarchy,658.0
74,no_solicitantes,pendiente_grado,administrative_transition,177.0
74,pendiente_grado,sin_grado,administrative_transition,932.0
74,pendiente_grado,con_derecho,administrative_transition,170.0
74,con_derecho,con_pia,administrative_transition,38.0
74,con_pia,prestacion_efectiva,administrative_transition,3162.0
74,con_pia,lista_espera,administrative_transition,1250.0
74,con_derecho,grado_I,degree_assignment,1741.0
74,con_derecho,grado_II,degree_assignment,1681.0
74,con_derecho,grado_III,degree_assignment,1198.0
74,prestacion_efectiva,teleasistencia,benefit_assignment,878.0
74,prestacion_efectiva,ayuda_domicilio,benefit_assignment,672.0
74,prestacion_efectiva,atencion_residencial,benefit_assignment,347.0
74,prestacion_efectiva,cuidados_familiares,benefit_assignment,1265.0
75,sistema,vulnerables,hierarchy,6387.0
75,vulnerables,no_solicitantes,hierarchy,822.0
75,no_solicitantes,pendiente_grado,administrative_transition,226.0
75,pendiente_grado,sin_grado,administrative_transition,1179.0
75,pendiente_grado,con_derecho,administrative_transition,143.0
75,con_derecho,con_pia,administrative_transition,35.0
75,con_pia,prestacion_efectiva,administrative_transition,2683.0
75,con_pia,lista_espera,administrative_transition,1299.0
75,con_derecho,grado_I,degree_assignment,1428.0
75,con_derecho,grado_II,degree_assignment,1610.0
75,con_derecho,grado_III,degree_assignment,1122.0
75,prestacion_efectiva,teleasistencia,benefit_assignment,791.0
75,prestacion_efectiva,ayuda_domicilio,benefit_assignment,607.0
75,prestacion_efectiva,atencion_residencial,benefit_assignment,243.0
75,prestacion_efectiva,cuidados_familiares,benefit_assignment,1042.0
76,sistema,vulnerables,hierarchy,6387.0
76,vulnerables,no_solicitantes,hierarchy,692.0
76,no_solicitantes,pendiente_grado,administrative_transition,159.0
76,pendiente_grado,sin_grado,administrative_transition,1465.0
76,pendiente_grado,con_derecho,administrative_transition,142.0
76,con_derecho,con_pia,administrative_transition,28.0
76,con_pia,prestacion_efectiva,administrative_transition,2885.0
76,con_pia,lista_espera,administrative_transition,1016.0
76,con_derecho,grado_I,degree_assignment,1383.0
76,con_derecho,grado_II,degree_assignment,1624.0
76,con_derecho,grado_III,degree_assignment,1064.0
76,prestacion_efectiva,teleasistencia,benefit_assignment,895.0
76,prestacion_efectiva,ayuda_domicilio,benefit_assignment,630.0
76,prestacion_efectiva,atencion_residencial,benefit_assignment,304.0
76,prestacion_efectiva,cuidados_familiares,benefit_assignment,1056.0
77,sistema,vulnerables,hierarchy,6387.0
77,vulnerables,no_solicitantes,hierarchy,610.0
77,no_solicitantes,pendiente_grado,administrative_transition,161.0
77,pendiente_grado,sin_grado,administrative_transition,795.0
77,pendiente_grado,con_derecho,administrative_transition,135.0
77,con_derecho,con_pia,administrative_transition,27.0
77,con_pia,prestacion_efectiva,administrative_transition,3580.0
77,con_pia,lista_espera,administrative_transition,1079.0
77,con_derecho,grado_I,degree_assignment,1836.0
77,con_derecho,grado_II,degree_assignment,1820.0
77,con_derecho,grado_III,degree_assignment,1165.0
77,prestacion_efectiva,teleasistencia,benefit_assignment,1104.0
77,prestacion_efectiva,ayuda_domicilio,benefit_assignment,788.0
77,prestacion_efectiva,atencion_residencial,benefit_assignment,429.0
77,prestacion_efectiva,cuidados_familiares,benefit_assignment,1259.0
78,sistema,vulnerables,hierarchy,6387.0
78,vulnerables,no_solicitantes,hierarchy,699.0
78,no_solicitantes,pendiente_grado,administrative_transition,207.0
78,pendiente_grado,sin_grado,administrative_transition,686.0
78,pendiente_grado,con_derecho,administrative_transition,133.0
78,con_derecho,con_pia,administrative_transition,49.0
78,con_pia,prestacion_efectiva,administrative_transition,3346.0
78,con_pia,lista_espera,administrative_transition,1267.0
78,con_derecho,grado_I,degree_assignment,1875.0
78,con_derecho,grado_II,degree_assignment,1597.0
78,con_derecho,grado_III,degree_assignment,1323.0
78,prestacion_efectiva,teleasistencia,benefit_assignment,1033.0
78,prestacion_efectiva,ayuda_domicilio,benefit_assignment,669.0
78,prestacion_efectiva,atencion_residencial,benefit_assignment,324.0
78,prestacion_efectiva,cuidados_familiares,benefit_assignment,1320.0
79,sistema,vulnerables,hierarchy,6387.0
79,vulnerables,no_solicitantes,hierarchy,896.0
79,no_solicitantes,pendiente_grado,administrative_transition,187.0
79,pendiente_grado,sin_grado,administrative_transition,1135.0
79,pendiente_grado,con_derecho,administrative_transition,114.0
79,con_derecho,con_pia,administrative_transition,37.0
79,con_pia,prestacion_efectiva,administrative_transition,2861.0
79,con_pia,lista_espera,administrative_transition,1157.0
79,con_derecho,grado_I,degree_assignment,1479.0
79,con_derecho,grado_II,degree_assignment,1647.0
79,con_derecho,grado_III,degree_assignment,1043.0
79,prestacion_efectiva,teleasistencia,benefit_assignment,901.0
79,prestacion_efectiva,ayuda_domicilio,benefit_assignment,542.0
79,prestacion_efectiva,atencion_residencial,benefit_assignment,283.0
79,prestacion_efectiva,cuidados_familiares,benefit_assignment,1135.0
80,sistema,vulnerables,hierarchy,6387.0
80,vulnerables,no_solicitantes,hierarchy,776.0
80,no_solicitantes,pendiente_grado,administrative_transition,173.0
80,pendiente_grado,sin_grado,administrative_transition,1236.0
80,pendiente_grado,con_derecho,administrative_transition,126.0
80,con_derecho,con_pia,administrative_transition,33.0
80,con_pia,prestacion_efectiva,administrative_transition,2894.0
80,con_pia,lista_espera,administrative_transition,1149.0
80,con_derecho,grado_I,degree_assignment,1563.0
80,con_derecho,grado_II,degree_assignment,1474.0
80,con_derecho,grado_III,degree_assignment,1165.0
80,prestacion_efectiva,teleasistencia,benefit_assignment,953.0
80,prestacion_efectiva,ayuda_domicilio,benefit_assignment,608.0
80,prestacion_efectiva,atencion_residencial,benefit_assignment,282.0
80,prestacion_efectiva,cuidados_familiares,benefit_assignment,1051.0
81,sistema,vulnerables,hierarchy,6387.0
81,vulnerables,no_solicitantes,hierarchy,949.0
81,no_solicitantes,pendiente_grado,administrative_transition,221.0
81,pendiente_grado,sin_grado,administrative_transition,1113.0
81,pendiente_grado,con_derecho,administrative_transition,156.0
81,con_derecho,con_pia,administrative_transition,33.0
81,con_pia,prestacion_efectiva,administrative_transition,3005.0
81,con_pia,lista_espera,administrative_transition,910.0
81,con_derecho,grado_I,degree_assignment,1427.0
81,con_derecho,grado_II,degree_assignment,1587.0
81,con_derecho,grado_III,degree_assignment,1090.0
81,prestacion_efectiva,teleasistencia,benefit_assignment,970.0
81,prestacion_efectiva,ayuda_domicilio,benefit_assignment,605.0
81,prestacion_efectiva,atencion_residencial,benefit_assignment,320.0
81,prestacion_efectiva,cuidados_familiares,benefit_assignment,1110.0
82,sistema,vulnerables,hierarchy,6387.0
82,vulnerables,no_solicitantes,hierarchy,644.0
82,no_solicitantes,pendiente_grado,administrative_transition,165.0
82,pendiente_grado,sin_grado,administrative_transition,1401.0
82,pendiente_grado,con_derecho,administrative_transition,111.0
82,con_derecho,con_pia,administrative_transition,28.0
82,con_pia,prestacion_efectiva,administrative_transition,2711.0
82,con_pia,lista_espera,administrative_transition,1327.0
82,con_derecho,grado_I,degree_assignment,1644.0
82,con_derecho,grado_II,degree_assignment,1464.0
82,con_derecho,grado_III,degree_assignment,1069.0
82,prestacion_efectiva,teleasistencia,benefit_assignment,894.0
82,prestacion_efectiva,ayuda_domicilio,benefit_assignment,576.0
82,prestacion_efectiva,atencion_residencial,benefit_assignment,269.0
82,prestacion_efectiva,cuidados_familiares,benefit_assignment,972.0
83,sistema,vulnerables,hierarchy,6387.0
83,vulnerables,no_solicitantes,hierarchy,622.0
83,no_solicitantes,pendiente_grado,administrative_transition,199.0
83,pendiente_grado,sin_grado,administrative_transition,838.0
83,pendiente_grado,con_derecho,administrative_transition,148.0
83,con_derecho,con_pia,administrative_transition,37.0
83,con_pia,prestacion_efectiva,administrative_transition,3340.0
83,con_pia,lista_espera,administrative_transition,1203.0
83,con_derecho,grado_I,degree_assignment,1603.0
83,con_derecho,grado_II,degree_assignment,1769.0
83,con_derecho,grado_III,degree_assignment,1356.0
83,prestacion_efectiva,teleasistencia,benefit_assignment,945.0
83,prestacion_efectiva,ayuda_domicilio,benefit_assignment,745.0
83,prestacion_efectiva,atencion_residencial,benefit_assignment,339.0
83,prestacion_efectiva,cuidados_familiares,benefit_assignment,1311.0
84,sistema,vulnerables,hierarchy,6387.0
84,vulnerables,no_solicitantes,hierarchy,763.0
84,no_solicitantes,pendiente_grado,administrative_transition,203.0
84,pendiente_grado,sin_grado,administrative_transition,1114.0
84,pendiente_grado,con_derecho,administrative_transition,164.0
84,con_derecho,con_pia,administrative_transition,36.0
84,con_pia,prestacion_efectiva,administrative_transition,2809.0
84,con_pia,lista_espera,administrative_transition,1298.0
84,con_derecho,grado_I,degree_assignment,1627.0
84,con_derecho,grado_II,degree_assignment,1581.0
84,con_derecho,grado_III,degree_assignment,1099.0
84,prestacion_efectiva,teleasistencia,benefit_assignment,866.0
84,prestacion_efectiva,ayuda_domicilio,benefit_assignment,534.0
84,prestacion_efectiva,atencion_residencial,benefit_assignment,308.0
84,prestacion_efectiva,cuidados_familiares,benefit_assignment,1101.0
85,sistema,vulnerables,hierarchy,6387.0
85,vulnerables,no_solicitantes,hierarchy,891.0
85,no_solicitantes,pendiente_grado,administrative_transition,199.0
85,pendiente_grado,sin_grado,administrative_transition,1015.0
85,pendiente_grado,con_derecho,administrative_transition,173.0
85,con_derecho,con_pia,administrative_transition,38.0
85,con_pia,prestacion_efectiva,administrative_transition,2551.0
85,con_pia,lista_espera,administrative_transition,1520.0
85,con_derecho,grado_I,degree_assignment,1664.0
85,con_derecho,grado_II,degree_assignment,1494.0
85,con_derecho,grado_III,degree_assignment,1124.0
85,prestacion_efectiva,teleasistencia,benefit_assignment,791.0
85,prestacion_efectiva,ayuda_domicilio,benefit_assignment,544.0
85,prestacion_efectiva,atencion_residencial,benefit_assignment,255.0
85,prestacion_efectiva,cuidados_familiares,benefit_assignment,961.0
86,sistema,vulnerables,hierarchy,6387.0
86,vulnerables,no_solicitantes,hierarchy,636.0
86,no_solicitantes,pendiente_grado,administrative_transition,199.0
86,pendiente_grado,sin_grado,administrative_transition,1062.0
86,pendiente_grado,con_derecho,administrative_transition,148.0
86,con_derecho,con_pia,administrative_transition,25.0
86,con_pia,prestacion_efectiva,administrative_transition,2800.0
86,con_pia,lista_espera,administrative_transition,1517.0
86,con_derecho,grado_I,degree_assignment,1548.0
86,con_derecho,grado_II,degree_assignment,1778.0
86,con_derecho,grado_III,degree_assignment,1164.0
86,prestacion_efectiva,teleasistencia,benefit_assignment,866.0
86,prestacion_efectiva,ayuda_domicilio,benefit_assignment,621.0
86,prestacion_efectiva,atencion_residencial,benefit_assignment,299.0
86,prestacion_efectiva,cuidados_familiares,benefit_assignment,1014.0
87,sistema,vulnerables,hierarchy,6387.0
87,vulnerables,no_solicitantes,hierarchy,714.0
87,no_solicitantes,pendiente_grado,administrative_transition,176.0
87,pendiente_grado,sin_grado,administrative_transition,1338.0
87,pendiente_grado,con_derecho,administrative_transition,111.0
87,con_derecho,con_pia,administrative_transition,31.0
87,con_pia,prestacion_efectiva,administrative_transition,3031.0
87,con_pia,lista_espera,administrative_transition,986.0
87,con_derecho,grado_I,degree_assignment,1608.0
87,con_derecho,grado_II,degree_assignment,1556.0
87,con_derecho,grado_III,degree_assignment,995.0
87,prestacion_efectiva,teleasistencia,benefit_assignment,1055.0
87,prestacion_efectiva,ayuda_domicilio,benefit_assignment,594.0
87,prestacion_efectiva,atencion_residencial,benefit_assignment,330.0
87,prestacion_efectiva,cuidados_familiares,benefit_assignment,1052.0
88,sistema,vulnerables,hierarchy,6387.0
88,vulnerables,no_solicitantes,hierarchy,765.0
88,no_solicitantes,pendiente_grado,administrative_transition,170.0
88,pendiente_grado,sin_grado,administrative_transition,840.0
88,pendiente_grado,con_derecho,administrative_transition,147.0
88,con_derecho,con_pia,administrative_transition,38.0
88,con_pia,prestacion_efectiva,administrative_transition,3189.0
88,con_pia,lista_espera,administrative_transition,1238.0
88,con_derecho,grado_I,degree_assignment,1611.0
88,con_derecho,grado_II,degree_assignment,1715.0
88,con_derecho,grado_III,degree_assignment,1286.0
88,prestacion_efectiva,teleasistencia,benefit_assignment,1037.0
88,prestacion_efectiva,ayuda_domicilio,benefit_assignment,647.0
88,prestacion_efectiva,atencion_residencial,benefit_assignment,340.0
88,prestacion_efectiva,cuidados_familiares,benefit_assignment,1165.0
89,sistema,vulnerables,hierarchy,6387.0
89,vulnerables,no_solicitantes,hierarchy,818.0
89,no_solicitantes,pendiente_grado,administrative_transition,159.0
89,pendiente_grado,sin_grado,administrative_transition,1449.0
89,pendiente_grado,con_derecho,administrative_transition,129.0
89,con_derecho,con_pia,administrative_transition,25.0
89,con_pia,prestacion_efectiva,administrative_transition,2628.0
89,con_pia,lista_espera,administrative_transition,1179.0
89,con_derecho,grado_I,degree_assignment,1511.0
89,con_derecho,grado_II,degree_assignment,1397.0
89,con_derecho,grado_III,degree_assignment,1053.0
89,prestacion_efectiva,teleasistencia,benefit_assignment,755.0
89,prestacion_efectiva,ayuda_domicilio,benefit_assignment,507.0
89,prestacion_efectiva,atencion_residencial,benefit_assignment,323.0
89,prestacion_efectiva,cuidados_familiares,benefit_assignment,1043.0
90,sistema,vulnerables,hierarchy,6387.0
90,vulnerables,no_solicitantes,hierarchy,821.0
90,no_solicitantes,pendiente_grado,administrative_transition,214.0
90,pendiente_grado,sin_grado,administrative_transition,716.0
90,pendiente_grado,con_derecho,administrative_transition,149.0
90,con_derecho,con_pia,administrative_transition,39.0
90,con_pia,prestacion_efectiva,administrative_transition,2977.0
90,con_pia,lista_espera,administrative_transition,1471.0
90,con_derecho,grado_I,degree_assignment,1688.0
90,con_derecho,grado_II,degree_assignment,1738.0
90,con_derecho,grado_III,degree_assignment,1210.0
90,prestacion_efectiva,teleasistencia,benefit_assignment,869.0
90,prestacion_efectiva,ayuda_domicilio,benefit_assignment,667.0
90,prestacion_efectiva,atencion_residencial,benefit_assignment,287.0
90,prestacion_efectiva,cuidados_familiares,benefit_assignment,1154.0
91,sistema,vulnerables,hierarchy,6387.0
91,vulnerables,no_solicitantes,hierarchy,687.0
91,no_solicitantes,pendiente_grado,administrative_transition,198.0
91,pendiente_grado,sin_grado,administrative_transition,832.0
91,pendiente_grado,con_derecho,administrative_transition,157.0
91,con_derecho,con_pia,administrative_transition,27.0
91,con_pia,prestacion_efectiva,administrative_transition,3085.0
91,con_pia,lista_espera,administrative_transition,1401.0
91,con_derecho,grado_I,degree_assignment,1656.0
91,con_derecho,grado_II,degree_assignment,1758.0
91,con_derecho,grado_III,degree_assignment,1256.0
91,prestacion_efectiva,teleasistencia,benefit_assignment,987.0
91,prestacion_efectiva,ayuda_domicilio,benefit_assignment,648.0
91,prestacion_efectiva,atencion_residencial,benefit_assignment,339.0
91,prestacion_efectiva,cuidados_familiares,benefit_assignment,1111.0
92,sistema,vulnerables,hierarchy,6387.0
92,vulnerables,no_solicitantes,hierarchy,772.0
92,no_solicitantes,pendiente_grado,administrative_transition,205.0
92,pendiente_grado,sin_grado,administrative_transition,615.0
92,pendiente_grado,con_derecho,administrative_transition,145.0
92,con_derecho,con_pia,administrative_transition,20.0
92,con_pia,prestacion_efectiva,administrative_transition,3388.0
92,con_pia,lista_espera,administrative_transition,1242.0
92,con_derecho,grado_I,degree_assignment,1853.0
92,con_derecho,grado_II,degree_assignment,1594.0
92,con_derecho,grado_III,degree_assignment,1348.0
92,prestacion_efectiva,teleasistencia,benefit_assignment,1033.0
92,prestacion_efectiva,ayuda_domicilio,benefit_assignment,725.0
92,prestacion_efectiva,atencion_residencial,benefit_assignment,394.0
92,prestacion_efectiva,cuidados_familiares,benefit_assignment,1236.0
93,sistema,vulnerables,hierarchy,6387.0
93,vulnerables,no_solicitantes,hierarchy,723.0
93,no_solicitantes,pendiente_grado,administrative_transition,172.0
93,pendiente_grado,sin_grado,administrative_transition,1039.0
93,pendiente_grado,con_derecho,administrative_transition,124.0
93,con_derecho,con_pia,administrative_transition,42.0
93,con_pia,prestacion_efectiva,administrative_transition,3160.0
93,con_pia,lista_espera,administrative_transition,1127.0
93,con_derecho,grado_I,degree_assignment,1572.0
93,con_derecho,grado_II,degree_assignment,1630.0
93,con_derecho,grado_III,degree_assignment,1251.0
93,prestacion_efectiva,teleasistencia,benefit_assignment,899.0
93,prestacion_efectiva,ayuda_domicilio,benefit_assignment,660.0
93,prestacion_efectiva,atencion_residencial,benefit_assignment,333.0
93,prestacion_efectiva,cuidados_familiares,benefit_assignment,1268.0
94,sistema,vulnerables,hierarchy,6387.0
94,vulnerables,no_solicitantes,hierarchy,741.0
94,no_solicitantes,pendiente_grado,administrative_transition,186.0
94,pendiente_grado,sin_grado,administrative_transition,1152.0
94,pendiente_grado,con_derecho,administrative_transition,124.0
94,con_derecho,con_pia,administrative_transition,25.0
94,con_pia,prestacion_efectiva,administrative_transition,2886.0
94,con_pia,lista_espera,administrative_transition,1273.0
94,con_derecho,grado_I,degree_assignment,1505.0
94,con_derecho,grado_II,degree_assignment,1702.0
94,con_derecho,grado_III,degree_assignment,1101.0
94,prestacion_efectiva,teleasistencia,benefit_assignment,1001.0
94,prestacion_efectiva,ayuda_domicilio,benefit_assignment,583.0
94,prestacion_efectiva,atencion_residencial,benefit_assignment,268.0
94,prestacion_efectiva,cuidados_familiares,benefit_assignment,1034.0
95,sistema,vulnerables,hierarchy,6387.0
95,vulnerables,no_solicitantes,hierarchy,935.0
95,no_solicitantes,pendiente_grado,administrative_transition,199.0
95,pendiente_grado,sin_grado,administrative_transition,627.0
95,pendiente_grado,con_derecho,administrative_transition,187.0
95,con_derecho,con_pia,administrative_transition,32.0
95,con_pia,prestacion_efectiva,administrative_transition,3031.0
95,con_pia,lista_espera,administrative_transition,1376.0
95,con_derecho,grado_I,degree_assignment,1699.0
95,con_derecho,grado_II,degree_assignment,1742.0
95,con_derecho,grado_III,degree_assignment,1185.0
95,prestacion_efectiva,teleasistencia,benefit_assignment,1041.0
95,prestacion_efectiva,ayuda_domicilio,benefit_assignment,656.0
95,prestacion_efectiva,atencion_residencial,benefit_assignment,357.0
95,prestacion_efectiva,cuidados_familiares,benefit_assignment,977.0
96,sistema,vulnerables,hierarchy,6387.0
96,vulnerables,no_solicitantes,hierarchy,833.0
96,no_solicitantes,pendiente_grado,administrative_transition,188.0
96,pendiente_grado,sin_grado,administrative_transition,888.0
96,pendiente_grado,con_derecho,administrative_transition,158.0
96,con_derecho,con_pia,administrative_transition,45.0
96,con_pia,prestacion_efectiva,administrative_transition,3180.0
96,con_pia,lista_espera,administrative_transition,1095.0
96,con_derecho,grado_I,degree_assignment,1633.0
96,con_derecho,grado_II,degree_assignment,1625.0
96,con_derecho,grado_III,degree_assignment,1220.0
96,prestacion_efectiva,teleasistencia,benefit_assignment,880.0
96,prestacion_efectiva,ayuda_domicilio,benefit_assignment,701.0
96,prestacion_efectiva,atencion_residencial,benefit_assignment,341.0
96,prestacion_efectiva,cuidados_familiares,benefit_assignment,1258.0
97,sistema,vulnerables,hierarchy,6387.0
97,vulnerables,no_solicitantes,hierarchy,949.0
97,no_solicitantes,pendiente_grado,administrative_transition,168.0
97,pendiente_grado,sin_grado,administrative_transition,987.0
97,pendiente_grado,con_derecho,administrative_transition,146.0
97,con_derecho,con_pia,administrative_transition,28.0
97,con_pia,prestacion_efectiva,administrative_transition,3117.0
97,con_pia,lista_espera,administrative_transition,992.0
97,con_derecho,grado_I,degree_assignment,1512.0
97,con_derecho,grado_II,degree_assignment,1608.0
97,con_derecho,grado_III,degree_assignment,1163.0
97,prestacion_efectiva,teleasistencia,benefit_assignment,974.0
97,prestacion_efectiva,ayuda_domicilio,benefit_assignment,699.0
97,prestacion_efectiva,atencion_residencial,benefit_assignment,334.0
97,prestacion_efectiva,cuidados_familiares,benefit_assignment,1110.0
98,sistema,vulnerables,hierarchy,6387.0
98,vulnerables,no_solicitantes,hierarchy,617.0
98,no_solicitantes,pendiente_grado,administrative_transition,195.0
98,pendiente_grado,sin_grado,administrative_transition,1309.0
98,pendiente_grado,con_derecho,administrative_transition,124.0
98,con_derecho,con_pia,administrative_transition,34.0
98,con_pia,prestacion_efectiva,administrative_transition,2671.0
98,con_pia,lista_espera,administrative_transition,1437.0
98,con_derecho,grado_I,degree_assignment,1691.0
98,con_derecho,grado_II,degree_assignment,1506.0
98,con_derecho,grado_III,degree_assignment,1069.0
98,prestacion_efectiva,teleasistencia,benefit_assignment,841.0
98,prestacion_efectiva,ayuda_domicilio,benefit_assignment,562.0
98,prestacion_efectiva,atencion_residencial,benefit_assignment,259.0
98,prestacion_efectiva,cuidados_familiares,benefit_assignment,1009.0
99,sistema,vulnerables,hierarchy,6387.0
99,vulnerables,no_solicitantes,hierarchy,747.0
99,no_solicitantes,pendiente_grado,administrative_transition,208.0
99,pendiente_grado,sin_grado,administrative_transition,815.0
99,pendiente_grado,con_derecho,administrative_transition,169.0
99,con_derecho,con_pia,administrative_transition,42.0
99,con_pia,prestacion_efectiva,administrative_transition,3180.0
99,con_pia,lista_espera,administrative_transition,1226.0
99,con_derecho,grado_I,degree_assignment,1564.0
99,con_derecho,grado_II,degree_assignment,1701.0
99,con_derecho,grado_III,degree_assignment,1352.0
99,prestacion_efectiva,teleasistencia,benefit_assignment,1033.0
99,prestacion_efectiva,ayuda_domicilio,benefit_assignment,706.0
99,prestacion_efectiva,atencion_residencial,benefit_assignment,325.0
99,prestacion_efectiva,cuidados_familiares,benefit_assignment,1116.0
100,sistema,vulnerables,hierarchy,6387.0
100,vulnerables,no_solicitantes,hierarchy,728.0
100,no_solicitantes,pendiente_grado,administrative_transition,165.0
100,pendiente_grado,sin_grado,administrative_transition,1086.0
100,pendiente_grado,con_derecho,administrative_transition,158.0
100,con_derecho,con_pia,administrative_transition,25.0
100,con_pia,prestacion_efectiva,administrative_transition,2880.0
100,con_pia,lista_espera,administrative_transition,1345.0
100,con_derecho,grado_I,degree_assignment,1732.0
100,con_derecho,grado_II,degree_assignment,1594.0
100,con_derecho,grado_III,degree_assignment,1082.0
100,prestacion_efectiva,teleasistencia,benefit_assignment,869.0
100,prestacion_efectiva,ayuda_domicilio,benefit_assignment,593.0
100,prestacion_efectiva,atencion_residencial,benefit_assignment,333.0
100,prestacion_efectiva,cuidados_familiares,benefit_assignment,1085.0
