simulation_id,target_rate_prestacion_efectiva,target_rate_lista_espera,target_rate_sin_grado,target_final_prestacion_efectiva,target_final_lista_espera,target_final_sin_grado,target_month_prestacion_effectiva_exceeds_no_solicitantes
1,0.42398622201346486,0.16251761390324096,0.21293251917958353,2708,1038,1360,39
2,0.4723657429152967,0.23062470643494598,0.1139815249726006,3017,1473,728,35
3,0.3735713167371223,0.21919524033192422,0.2152810396117113,2386,1400,1375,39
4,0.4565523720056365,0.22858932206043525,0.1629873179896665,2916,1460,1041,33
5,0.45545639580397684,0.19069985908877407,0.167371222796305,2909,1218,1069,35
6,0.5196492876154689,0.1690934711131987,0.1286989196806012,3319,1080,822,33
7,0.40864255519023013,0.17801784875528417,0.21324565523720057,2610,1137,1362,38
8,0.46923438233912634,0.20291216533583842,0.15155785188664475,2997,1296,968,34
9,0.39235948019414435,0.2044778456239236,0.2116799749491154,2506,1306,1352,38
10,0.5503366212619383,0.16533583842179428,0.13918897761077187,3515,1056,889,29
11,0.5132299984343197,0.15688116486613435,0.17942696101456082,3278,1002,1146,32
12,0.5265382808830437,0.16658838265226242,0.153749804289964,3363,1064,982,31
13,0.4404258650383592,0.14967903554094253,0.20479098168154064,2813,956,1308,37
14,0.49459840300610614,0.17880068889932677,0.17817441678409268,3159,1142,1138,31
15,0.45107249099733837,0.1340222326600908,0.21434163143886018,2881,856,1369,36
16,0.44293095349929545,0.2509785501800532,0.13918897761077187,2829,1603,889,34
17,0.529356505401597,0.1745733521214968,0.09989040237983404,3381,1115,638,33
18,0.42649131047440114,0.18850790668545483,0.20118991701894473,2724,1204,1285,36
19,0.4653201816189134,0.23782683576013777,0.12478471896038829,2972,1519,797,34
20,0.5140128385783623,0.22060435259120087,0.10959762016596211,3283,1409,700,32
21,0.452481603256615,0.2525442304681384,0.10724909973383435,2890,1613,685,35
22,0.4111476436511664,0.23704399561609518,0.17864412087051823,2626,1514,1141,36
23,0.4886488179113825,0.20510411773915765,0.12462815093157976,3121,1310,796,34
24,0.3962736809143573,0.21152340692030688,0.1925786754344763,2531,1351,1230,39
25,0.5393768592453421,0.15641146077970877,0.09801158603413183,3445,999,626,34
26,0.4513856270549554,0.24925630186315953,0.14059808987004854,2883,1592,898,33
27,0.42195083763895413,0.1983716925003914,0.21762956004383904,2695,1267,1390,35
28,0.511507750117426,0.15891654924064505,0.17692187255362454,3267,1015,1130,31
29,0.4336934397995929,0.14780021919524033,0.2398622201346485,2770,944,1532,36
30,0.5010176921872553,0.19758885235634882,0.09785501800532331,3200,1262,625,34
31,0.4650070455612964,0.19946766870205104,0.15077501174260216,2970,1274,963,34
32,0.4253953342727415,0.20776577422890247,0.21402849538124316,2717,1327,1367,33
33,0.43416314388601845,0.16502270236417724,0.22780648191639266,2773,1054,1455,35
34,0.4233599498982308,0.1935180836073274,0.20651322999843433,2704,1236,1319,36
35,0.4050414905276343,0.2273367778299671,0.20745263817128543,2587,1452,1325,35
36,0.47440112728980743,0.24408955691247847,0.11022389228119618,3030,1559,704,32
37,0.4247690621575074,0.16705808673868797,0.2091748864881791,2713,1067,1336,37
38,0.4578049162361046,0.21762956004383904,0.13824956943792077,2924,1390,883,35
39,0.4906842022858932,0.16893690308439016,0.15891654924064505,3134,1079,1015,33
40,0.4805072804133396,0.17269453577579458,0.15641146077970877,3069,1103,999,34
41,0.3882887114451229,0.21950837638954127,0.2235791451385627,2480,1402,1428,37
42,0.47111319868482854,0.13699702520745263,0.23594801941443558,3009,875,1507,33
43,0.39204634413652734,0.20651322999843433,0.21903867230311572,2504,1319,1399,38
44,0.4427743854704869,0.26663535306090497,0.12180992641302646,2828,1703,778,33
45,0.4598403006106153,0.21919524033192422,0.11460779708783467,2937,1400,732,36
46,0.48833568185376547,0.20494754971034915,0.11664318146234538,3119,1309,745,34
47,0.5138562705495537,0.17707844058243308,0.10349146704242994,3282,1131,661,34
48,0.4767496477219352,0.18349772976358228,0.13746672929387818,3045,1172,878,35
49,0.4960075152653828,0.15703773289494286,0.13511820886175044,3168,1003,863,35
50,0.4942852669484891,0.1611085016439643,0.16549240645060279,3157,1029,1057,34
51,0.43932988883669954,0.24925630186315953,0.16142163770158133,2806,1592,1031,33
52,0.39267261625176136,0.2325035227806482,0.20792234225771097,2508,1485,1328,37
53,0.5670894003444497,0.17394708000626272,0.09926413026459997,3622,1111,634,30
54,0.4690778143103178,0.16784092688273056,0.180992641302646,2996,1072,1156,34
55,0.47518396743385,0.1575074369813684,0.1755127602943479,3035,1006,1121,35
56,0.4333803037419759,0.19054329105996556,0.1863159542821356,2768,1217,1190,36
57,0.44637545013308283,0.15860341318302804,0.21027086268983874,2851,1013,1343,35
58,0.4922498825739784,0.17989666510098637,0.12791607953655865,3144,1149,817,35
59,0.49851260372631906,0.22827618600281824,0.10677939564740879,3184,1458,682,33
60,0.42195083763895413,0.176452168467199,0.21277595115077502,2695,1127,1359,37
61,0.46641615782057305,0.23688742758728668,0.14826992328166588,2979,1513,947,32
62,0.48082041647095664,0.23219038672303116,0.1456082667919211,3071,1483,930,32
63,0.4870831376232973,0.2334429309534993,0.13245655237200563,3111,1491,846,32
64,0.4416784092688273,0.16095193361515578,0.2406450602786911,2821,1028,1537,33
65,0.5079066854548301,0.21058399874745576,0.0959762016596211,3244,1345,613,34
66,0.46578988570533897,0.23594801941443558,0.10677939564740879,2975,1507,682,35
67,0.4551432597463598,0.1881947706278378,0.15954282135587913,2907,1202,1019,35
68,0.49882573978393613,0.21935180836073273,0.13104744011272898,3186,1401,837,31
69,0.502113668388915,0.22451855331141382,0.10897134805072804,3207,1434,696,32
70,0.5147956787224048,0.16079536558634727,0.15688116486613435,3288,1027,1002,32
71,0.46281509315797714,0.194614059808987,0.1357444809769845,2956,1243,867,36
72,0.4653201816189134,0.1999373727884766,0.13731016126506967,2972,1277,877,36
73,0.45373414748708313,0.16674495068107092,0.2270236417723501,2898,1065,1450,32
74,0.4950681070925317,0.19571003601064663,0.1459214028495381,3162,1250,932,32
75,0.42007202129325194,0.20338186942226397,0.1845937059652419,2683,1299,1179,37
76,0.4516987631125724,0.15907311726945358,0.22937216220447784,2885,1016,1465,34
77,0.560513543134492,0.16893690308439016,0.12447158290277126,3580,1079,795,30
78,0.5238766243932989,0.1983716925003914,0.10740566776264286,3346,1267,686,31
79,0.447941130421168,0.1811492093314545,0.17770471269766713,2861,1157,1135,37
80,0.45310787537184904,0.17989666510098637,0.1935180836073274,2894,1149,1236,34
81,0.4704869265695945,0.14247690621575074,0.17426021606387976,3005,910,1113,37
82,0.4244559260998904,0.20776577422890247,0.21935180836073273,2711,1327,1401,33
83,0.5229372162204478,0.1883513386566463,0.1312040081415375,3340,1203,838,31
84,0.4397995929231251,0.20322530139345546,0.17441678409268827,2809,1298,1114,35
85,0.39940504149052763,0.2379834037889463,0.15891654924064505,2551,1520,1015,38
86,0.43839048066384845,0.23751369970252076,0.16627524659464538,2800,1517,1062,33
87,0.4745576953186159,0.15437607640519807,0.20948802254579615,3031,986,1338,33
88,0.4992954438703617,0.19383121966494443,0.13151714419915453,3189,1238,840,33
89,0.4114607797087835,0.1845937059652419,0.22686707374354156,2628,1179,1449,36
90,0.466103021762956,0.23031157037732894,0.11210270862689839,2977,1471,716,35
91,0.4830123688742759,0.21935180836073273,0.1302645999686864,3085,1401,832,33
92,0.5304524816032566,0.1944574917801785,0.09628933771723815,3388,1242,615,33
93,0.49475497103491467,0.176452168467199,0.16267418193204947,3160,1127,1039,32
94,0.45185533114138093,0.19931110067324254,0.18036636918741192,2886,1273,1152,35
95,0.4745576953186159,0.2154376076405198,0.09816815406294034,3031,1376,627,36
96,0.49788633161108503,0.17144199154532644,0.13903240958196336,3180,1095,888,34
97,0.4880225457961484,0.15531548457804917,0.15453264443400658,3117,992,987,34
98,0.4181932049475497,0.22498825739783937,0.20494754971034915,2671,1437,1309,34
99,0.49788633161108503,0.1919524033192422,0.1276029434789416,3180,1226,815,34
100,0.45091592296852984,0.21058399874745576,0.1700328792860498,2880,1345,1086,34
