simulation_id,initial_vulnerable_population,simulation_months,prob_solicitud_mensual,prob_solicitud_si_vulnerable,prob_resolucion_grado_mensual,prob_reconocimiento_grado,prob_con_derecho,prob_pia_mensual,prob_pia,prob_prestacion_efectiva,prob_lista_espera,factor_capacidad,cupo_residencial,cupo_dia,cupo_resto,cupo_atendidas,meses_min_pendiente_grado,meses_min_tramite_prestacion,prob_grado_I,prob_grado_II,prob_grado_III,pension_media_nacional,prop_nacional_65,prob_prevencion,prob_teleasistencia,prob_ayuda_domicilio,prob_centro_dia_noche,prob_atencion_residencial,prob_pev,prob_cuidados_familiares,prob_asistencia_personal,scenario_id,regime,seed_escenario,estrato_capacidad,estrato_grado_III,escenario_historico,escenario_contrafactual
1,6387,60,0.047662106162457446,0.05530388011482551,0.25499470699202764,0.25499470699202764,0.7972255451144517,0.3764122237901134,0.3764122237901134,0.9841,0.015900000000000025,0.8147321958129699,443,265,4398,3591,8,1,0.2143841285906756,0.6383232403040311,0.1472926311052933,1439.11,0.2015,3.25765540359468e-05,0.38224517413052433,0.1797251688549559,0.07285709977790697,0.02559002999495263,0.04034430560210295,0.2992056393224111,5.763110299483287e-09,1,interpolation,43,recorte,base,False,True
2,6387,60,0.028485933868064618,0.03915527276863941,0.4771823773315343,0.4771823773315343,0.7992838168676137,0.5377564695805921,0.5377564695805921,0.9841,0.015900000000000025,1.0081446508419787,548,328,5442,4443,11,3,0.23567505191653865,0.43289269387035945,0.33143225421310174,1439.11,0.2015,0.020824177557267995,0.3111054349414627,0.0649956489840934,0.0383065546557375,0.12954147848185338,0.05964999554247395,0.37338963345764614,0.002187076379464774,2,interpolation,44,entorno_2024,alto,True,False
3,6387,60,0.032489875288780286,0.03762470518822603,0.44777096075264944,0.44777096075264944,0.7989066729192299,0.3842917701700198,0.3842917701700198,0.9841,0.015900000000000025,0.8455240849043859,460,275,4564,3726,5,1,0.37377621720314713,0.394263291094749,0.23196049170210373,1439.11,0.2015,0.1601578262084424,0.21433243873254787,0.1561057931387364,0.006873592096683206,0.13365882798454176,0.16191792801596075,0.1669534216420093,1.7218107814856203e-07,3,interpolation,45,recorte,base,False,True
4,6387,60,0.027236827379723445,0.06856931473620098,0.4799992824830319,0.4799992824830319,0.801521624305649,0.4644477175257619,0.4644477175257619,0.9841,0.015900000000000025,0.8337468695569294,454,271,4501,3674,8,3,0.3584968415885884,0.5205340651444867,0.12096909326692495,1439.11,0.2015,0.0012068590600918469,0.44984079598208065,0.09715123028740305,0.07959674132577288,0.03623590547448319,0.02709332691107605,0.3008753525790163,0.007999788380076006,4,interpolation,46,recorte,base,False,True
5,6387,60,0.03812263493282861,0.05921066681488674,0.30404214358039855,0.30404214358039855,0.7994662107135847,0.46194744715040287,0.46194744715040287,0.9841,0.015900000000000025,0.8232190574299872,448,268,4444,3628,6,5,0.24881511524112945,0.6058411720928345,0.14534371266603613,1439.11,0.2015,0.1573197580568148,0.19420866966306244,0.18848051687010092,0.021632951284041437,0.08274290281311548,0.026765793862087918,0.3288494074447658,6.011246699747678e-12,5,interpolation,47,recorte,base,False,True
6,6387,60,0.03051304251860384,0.06161034257444275,0.44014689112946986,0.44014689112946986,0.8031301183700358,0.508705291350642,0.508705291350642,0.9841,0.015900000000000025,0.8072910464530834,439,262,4358,3558,8,2,0.3165315102471259,0.37760298222635064,0.30586550752652336,1439.11,0.2015,0.1300156805815021,0.3871778007191275,0.08609798873438412,0.042320750752227604,0.0860268304464181,0.04492769484748683,0.2211673239158825,0.002265930002971218,6,interpolation,48,recorte,alto,False,True
7,6387,60,0.04102523460036707,0.06270459735519437,0.40149772060362965,0.40149772060362965,0.7965224085385197,0.4674964508755945,0.4674964508755945,0.9841,0.015900000000000025,0.9954021347167632,541,324,5373,4387,10,4,0.4833712519100745,0.41575467447915426,0.10087407361077125,1439.11,0.2015,0.0474703291199918,0.25800448634790607,0.18545606002532974,0.033271405277310574,0.19159723151431626,0.13941175741626763,0.14477489736584487,1.3832933033058906e-05,7,interpolation,49,entorno_2024,base,True,False
8,6387,60,0.04928573572592809,0.04914164693886808,0.24525333296341967,0.24525333296341967,0.8037996175084685,0.3464385197325781,0.3464385197325781,0.9841,0.015900000000000025,1.1966619510303271,651,389,6460,5274,11,4,0.33343902106408474,0.3648621283744142,0.3016988505615011,1439.11,0.2015,0.050558137068486615,0.08067752523914508,0.03335368309041715,0.039952929053554666,0.1154843093868119,0.16861573937570948,0.5102235507910523,0.0011341259948226775,8,interpolation,50,expansion,alto,False,True
9,6387,60,0.02413362527118974,0.07028520920098733,0.3681270516547406,0.3681270516547406,0.7938289580498903,0.34181804746210004,0.34181804746210004,0.9841,0.015900000000000025,0.8915737865587915,485,290,4813,3929,9,3,0.37306076279336386,0.31758370066734387,0.30935553653929226,1439.11,0.2015,0.0376225098761048,0.2160252346034662,0.15491687071883506,0.24438349011515859,0.033985864084374866,0.053531850767005944,0.2568062770508939,0.002727902784160806,9,interpolation,51,recorte,alto,False,True
10,6387,60,0.03608177755329432,0.0587495455733115,0.21340866743382744,0.21340866743382744,0.7966429871878189,0.4856663851304133,0.4856663851304133,0.9841,0.015900000000000025,0.9723801967902577,529,316,5249,4285,8,6,0.23843955799910943,0.4412087036001625,0.32035173840072784,1439.11,0.2015,0.22389478332453017,0.08714627915281782,0.058523022707805246,0.24029920434262425,0.10592370096463515,0.06835453720900732,0.21585786055030487,6.117482751057647e-07,10,interpolation,52,entorno_2024,alto,True,False
11,6387,60,0.022237674732661503,0.0456477475684255,0.3549970542083196,0.3549970542083196,0.8059183098319259,0.3319028460753428,0.3319028460753428,0.9841,0.015900000000000025,1.1492899693886747,625,374,6204,5065,6,2,0.34502318789347375,0.36068329137199673,0.29429352073452947,1439.11,0.2015,0.008632369268938437,0.20376556239753324,0.12131608625789549,0.08964228656946131,0.05223863566285498,0.2574583012481723,0.26693020065483425,1.655794030994634e-05,11,interpolation,53,expansion,base,False,True
12,6387,60,0.03451290784204425,0.07146332328010788,0.44420406667266016,0.44420406667266016,0.7954269759252713,0.3750843943864555,0.3750843943864555,0.9841,0.015900000000000025,1.0228396187891253,556,332,5521,4508,11,2,0.3897037475894327,0.3162131421074697,0.2940831103030977,1439.11,0.2015,0.08670061801990582,0.26090803093323867,0.04584936002862658,0.033876873112452716,0.2334390374258116,0.04823499302978179,0.290991043121506,4.4328676867612707e-08,12,interpolation,54,entorno_2024,base,True,False
13,6387,60,0.03739400815386626,0.03696670686771569,0.29619967657086554,0.29619967657086554,0.797644201674399,0.38909257605331615,0.38909257605331615,0.9841,0.015900000000000025,1.1944029356754506,650,388,6447,5264,12,2,0.2130706153188183,0.4843964346714625,0.30253295000971925,1439.11,0.2015,0.020618692974853005,0.2438887839558768,0.18321074306405202,0.0183813652933669,0.08895990160252534,0.15654744280736177,0.28839306998540976,3.165543472453787e-10,13,interpolation,55,expansion,alto,False,True
14,6387,60,0.02467522939067382,0.04156064880602386,0.45142229481792884,0.45142229481792884,0.7999562656269449,0.51172411618488,0.51172411618488,0.9841,0.015900000000000025,1.0665635545383445,580,347,5757,4700,5,5,0.49199932067884233,0.32097489784061556,0.1870257814805419,1439.11,0.2015,0.013628415454081862,0.10592322961185756,0.2827706892760705,0.13932650151097867,0.058371712756063426,0.0747661549732773,0.3252132964165295,1.1411616745864213e-12,14,interpolation,56,entorno_2024,base,False,True
15,6387,60,0.04075427799566926,0.040175470148796515,0.4000629951474983,0.4000629951474983,0.8040490461366152,0.49682447515226524,0.49682447515226524,0.9841,0.015900000000000025,1.153905029234347,628,375,6229,5085,6,4,0.5117383507799674,0.27349645393412925,0.21476519528590324,1439.11,0.2015,0.120411771454406,0.3005788029784432,0.04835587627448409,0.09655553311340719,0.15706978429016405,0.12047078954341842,0.1565574421322228,2.1345425839555869e-10,15,interpolation,57,expansion,base,False,True
16,6387,60,0.04025752649089018,0.05083167428431844,0.3523438821062945,0.3523438821062945,0.803260602409039,0.4201287348553019,0.4201287348553019,0.9841,0.015900000000000025,1.003516800097231,546,326,5417,4422,6,3,0.30504240937443877,0.41089994563388893,0.28405764499167224,1439.11,0.2015,0.009455242777561374,0.25454293278874685,0.04910062077564126,0.07054624243313147,0.16460474492107766,0.12314141304775307,0.32860880322947567,2.661273894453448e-11,16,interpolation,58,entorno_2024,base,True,False
17,6387,60,0.027131603729633295,0.035652673672053006,0.21710079530600676,0.21710079530600676,0.8029650869933398,0.42828370964104406,0.42828370964104406,0.9841,0.015900000000000025,0.8994982481633499,489,292,4855,3964,7,4,0.4630134322546317,0.38787515362836883,0.14911141411699957,1439.11,0.2015,0.0542015746610181,0.12070469846315762,0.17558273491250984,0.0311817976741939,0.23951661879700248,0.08830192136952324,0.29051051785984444,1.362627504976628e-07,17,interpolation,59,recorte,base,False,True
18,6387,60,0.029844970629027176,0.0690926446534328,0.4701075282542545,0.4701075282542545,0.7985669293487287,0.2674967794041856,0.2674967794041856,0.9841,0.015900000000000025,1.0826808130214054,589,352,5844,4771,5,6,0.352812514231729,0.2234409439835107,0.4237465417847601,1439.11,0.2015,0.04005322045545974,0.1830402560527067,0.2480635498272756,0.008546351974218016,0.010784803822769792,0.13945640992426034,0.3666251591210139,0.003430248822295971,18,interpolation,60,entorno_2024,alto,False,True
19,6387,60,0.02783654975138856,0.05704398419521595,0.43714609541694155,0.43714609541694155,0.796004676569522,0.36479938995250255,0.36479938995250255,0.9841,0.015900000000000025,1.0340334109537876,563,336,5582,4557,5,5,0.3826145032830825,0.40850513370886415,0.20888036300805335,1439.11,0.2015,0.048004017514707474,0.24335698661963792,0.21929376639440012,0.01702805578297041,0.02695727355295651,0.027045639962085956,0.4183142601732334,8.297120509822635e-15,19,interpolation,61,entorno_2024,base,True,False
20,6387,60,0.0450025780815637,0.04885856768974633,0.4663759232754241,0.4663759232754241,0.7990653289719392,0.25827426322025615,0.25827426322025615,0.9841,0.015900000000000025,0.8653874792181394,471,281,4671,3814,8,5,0.3526701771504521,0.4436535681148981,0.2036762547346498,1439.11,0.2015,0.002869228539451084,0.19777337445820312,0.2064401936875763,0.034164747936847484,0.03174978404956672,0.26232345219440756,0.2644898585308839,0.00018936060306388227,20,interpolation,62,recorte,base,False,True
21,6387,60,0.04187286567316141,0.05634705681673944,0.49643947803746036,0.49643947803746036,0.8050520762041337,0.30531673438091517,0.30531673438091517,0.9841,0.015900000000000025,0.8588778518238038,467,279,4636,3785,9,2,0.21904135346591277,0.25561877450881654,0.5253398720252707,1439.11,0.2015,0.00366815520666411,0.38391751078049796,0.21215273865496223,0.058366611927177764,0.07713790771919307,0.07406393849163614,0.19069238516908485,7.52050783895373e-07,21,interpolation,63,recorte,alto,False,True
22,6387,60,0.04743653535272353,0.054226572032722145,0.32625347965647056,0.32625347965647056,0.8018381757956855,0.4349572991695631,0.4349572991695631,0.9841,0.015900000000000025,1.0152038554145668,552,330,5480,4474,12,2,0.35619112383382673,0.3824299324251913,0.2613789437409821,1439.11,0.2015,0.01766998425798455,0.23451248812834266,0.09813022055380168,0.10080435918906201,0.0861891238888474,0.14629936645028707,0.31638596077021414,8.496761460562355e-06,22,interpolation,64,entorno_2024,base,True,False
23,6387,60,0.023708543783166017,0.035197495297888425,0.23244206115399813,0.23244206115399813,0.8012059935602752,0.4778896336706482,0.4778896336706482,0.9841,0.015900000000000025,0.8403601914431026,457,273,4536,3703,6,3,0.6295569311494524,0.22885201446463907,0.14159105438590855,1439.11,0.2015,0.009809199677769337,0.1285554698474782,0.17929140589181267,0.06770944741185447,0.14723795776269255,0.09483133086312924,0.3408777944399206,0.0316873941053429,23,interpolation,65,recorte,base,False,True
24,6387,60,0.047153819619290036,0.07958514877688616,0.3597156584618822,0.3597156584618822,0.7980064952333081,0.48090944535011676,0.48090944535011676,0.9841,0.015900000000000025,1.0901256441640184,593,354,5884,4804,7,2,0.14689396119703038,0.4018606544693175,0.45124538433365197,1439.11,0.2015,0.10248604710185359,0.18261370389668874,0.1428974291236232,0.16980783119710635,0.023771978993037287,0.05289946971651138,0.30658877864502826,0.018934761326151236,24,interpolation,66,entorno_2024,alto,False,True
25,6387,60,0.028989869573642954,0.05230825971451708,0.2724598529498735,0.2724598529498735,0.7942509202837189,0.45396739900805083,0.45396739900805083,0.9841,0.015900000000000025,1.1601643163732194,631,377,6263,5113,8,5,0.3028879687919098,0.3200938877405761,0.3770181434675141,1439.11,0.2015,0.06478931945117074,0.408193030059683,0.05207485627263078,0.011031615570738194,0.10323655910457026,0.015255315946878198,0.2775955648924128,0.06782373870191595,25,interpolation,67,expansion,alto,False,True
26,6387,60,0.025742074726699586,0.04534656900382513,0.26069064197268466,0.26069064197268466,0.8024805598591609,0.35295397329085615,0.35295397329085615,0.9841,0.015900000000000025,0.8556104095861754,465,278,4619,3771,6,5,0.4723185964473523,0.40257449664964934,0.1251069069029983,1439.11,0.2015,0.14125385486301628,0.20180371969801594,0.16799665997566024,0.017298057746121587,0.1398543965913992,0.03098855252428839,0.3008040914619653,6.671395330035935e-07,26,interpolation,68,recorte,base,False,True
27,6387,60,0.0482727448559085,0.04117260058512155,0.34703690805766585,0.34703690805766585,0.8001138297783914,0.42271723944987594,0.42271723944987594,0.9841,0.015900000000000025,0.9191390537970088,500,299,4962,4051,8,3,0.24870898816839376,0.36579188777759125,0.38549912405401493,1439.11,0.2015,0.001287976279344178,0.17118774762527372,0.2479780055948262,0.010232378367996288,0.07225489956122985,0.12304006704357189,0.36813221905074484,0.005886706477012898,27,interpolation,69,entorno_2024,alto,False,True
28,6387,60,0.02924882858446482,0.0756948376217905,0.2949557930767399,0.2949557930767399,0.7951590301952306,0.4032713221809524,0.4032713221809524,0.9841,0.015900000000000025,1.1453013709220667,623,372,6182,5047,12,4,0.2729552959824768,0.5048787734810061,0.22216593053651698,1439.11,0.2015,0.08460689866153971,0.3681674151803419,0.1410141289874521,0.013897343598837,0.04862011401637103,0.16022651643890642,0.1834675829317532,1.847986519098509e-10,28,interpolation,70,expansion,base,False,True
29,6387,60,0.039216670375072066,0.06318170561642347,0.34214995946833227,0.34214995946833227,0.793740845623606,0.4890259168860025,0.4890259168860025,0.9841,0.015900000000000025,0.9718355209836363,529,316,5246,4283,12,5,0.3723927081979851,0.4632189649255063,0.16438832687650856,1439.11,0.2015,0.00010543421855056018,0.1994583655933317,0.22766686803031602,0.058614272003537006,0.15256161534576482,0.05370872265696758,0.3078847221515192,1.3109675861894455e-14,29,interpolation,71,entorno_2024,base,True,False
30,6387,60,0.03640943623519359,0.071360392216448,0.20411239407269777,0.20411239407269777,0.797483436328969,0.442941680109406,0.442941680109406,0.9841,0.015900000000000025,1.0285805210186603,560,334,5552,4533,9,4,0.5195139667321365,0.31924747260020486,0.16123856066765865,1439.11,0.2015,0.039797417504357155,0.2832493125115085,0.10345057132713034,0.0024055486864883466,0.10810422997972446,0.17339082738904527,0.2896019052716346,1.8733011121423814e-07,30,interpolation,72,entorno_2024,base,True,False
31,6387,60,0.04552015000065433,0.06660965035432508,0.34615328070801094,0.34615328070801094,0.8008675743012119,0.44535901766759467,0.44535901766759467,0.9841,0.015900000000000025,1.1800370391272845,642,384,6370,5200,7,1,0.31727925191895306,0.5959814434268865,0.08673930465416038,1439.11,0.2015,0.027705224290532154,0.17298671028452067,0.279985990706335,0.034690754501120545,0.04284099683979186,0.08082268004132086,0.3609676237885158,1.9547862946340066e-08,31,interpolation,73,expansion,base,False,True
32,6387,60,0.03176977098215866,0.053579670026382115,0.4550530063429997,0.4550530063429997,0.7953570767855115,0.48333202938258757,0.48333202938258757,0.9841,0.015900000000000025,0.912423589615003,496,297,4925,4021,12,5,0.47226404708748687,0.3021514641178284,0.22558448879468487,1439.11,0.2015,0.02916954488960104,0.23233304768314209,0.29305515661817005,0.013668900155000897,0.16056288607153532,0.0901647166568965,0.18104574792075054,4.903634626449446e-12,32,interpolation,74,entorno_2024,base,False,True
33,6387,60,0.02603232228378677,0.056104264946312696,0.4537856385212401,0.4537856385212401,0.795815084050309,0.3633369890637344,0.3633369890637344,0.9841,0.015900000000000025,1.061459677444313,577,345,5730,4678,11,2,0.28987423519906197,0.4040761466078225,0.30604961819311555,1439.11,0.2015,0.06663462387819041,0.18478102481981057,0.1713700867095879,0.06328832601403672,0.07725181101794527,0.17019992464452294,0.26643443888429824,3.9764031607816185e-05,33,interpolation,75,entorno_2024,alto,False,True
34,6387,60,0.024831020890316767,0.0388491107302961,0.3899433520752326,0.3899433520752326,0.8006105182139208,0.3285993269549802,0.3285993269549802,0.9841,0.015900000000000025,0.9099543361814062,495,296,4912,4010,10,1,0.3839444380178357,0.363466360341372,0.25258920164079235,1439.11,0.2015,0.008783853755826377,0.29766442325507453,0.06166419692645044,0.047335921889967436,0.06648927851539546,0.08968411032993524,0.4275932396642346,0.0007849756631159106,34,interpolation,76,entorno_2024,base,False,True
35,6387,60,0.023199294062098218,0.05839959712871341,0.4363810464516799,0.4363810464516799,0.8048699718152912,0.5417627904512625,0.5417627904512625,0.9841,0.015900000000000025,0.9234709558151041,502,300,4985,4070,9,5,0.30006998933722107,0.4581997159381784,0.24173029472460067,1439.11,0.2015,0.0002984827724544925,0.20748205067645226,0.22013865332205007,0.007966155279428051,0.04222065396913111,0.07672745583937372,0.4438021460191071,0.0013644021220033016,35,interpolation,77,entorno_2024,base,False,True
36,6387,60,0.04264325176208832,0.07751593853024799,0.27650222355860704,0.27650222355860704,0.7984159369455516,0.2887257420721228,0.2887257420721228,0.9841,0.015900000000000025,1.1315462302486874,616,368,6108,4987,6,3,0.1850102963174382,0.4345946504184275,0.3803950532641343,1439.11,0.2015,0.0086365837133993,0.23624878117234066,0.2567725419373286,0.007941703263991502,0.08085836352750964,0.21497733798612859,0.1945487035843825,1.5984814919207847e-05,36,interpolation,78,expansion,alto,False,True
37,6387,60,0.04883318884026866,0.05505759373131523,0.29985416024701383,0.29985416024701383,0.7988669924778375,0.30784370135151706,0.30784370135151706,0.9841,0.015900000000000025,0.9971814361013763,542,324,5383,4395,9,3,0.34799678853171967,0.4493676162118712,0.20263559525640917,1439.11,0.2015,0.0015947824949695088,0.2898004781478913,0.2080695271721066,0.018209015358745285,0.07065836385821783,0.13472002274410644,0.2740921864375638,0.002855623786399164,37,interpolation,79,entorno_2024,base,True,False
38,6387,60,0.03773576525785932,0.06141489917506508,0.3621204538986412,0.3621204538986412,0.7968226395761526,0.5329922072261646,0.5329922072261646,0.9841,0.015900000000000025,1.1336317678045251,617,368,6119,4996,7,1,0.4758765968162458,0.4330536296943486,0.09106977348940572,1439.11,0.2015,0.04796296913384191,0.27749265522163397,0.22360254645499966,0.05332883457812507,0.04973652182376203,0.0814350953763198,0.26644131116143527,6.624988209710808e-08,38,interpolation,80,expansion,base,False,True
39,6387,60,0.04485600340134323,0.07394338548662524,0.2906979222258993,0.2906979222258993,0.8055711515063039,0.49186569332012575,0.49186569332012575,0.9841,0.015900000000000025,1.1413731698495155,621,371,6161,5030,8,5,0.4284691674976343,0.3659709704640937,0.2055598620382721,1439.11,0.2015,0.004181002632317517,0.372810511758201,0.17735280456176747,0.06486508996002212,0.14326864160248612,0.015232584340826798,0.22208560096359523,0.0002037641807837146,39,interpolation,81,expansion,base,False,True
40,6387,60,0.021297747607441447,0.06939803991478732,0.26387275351442036,0.26387275351442036,0.797906173446979,0.5470571024434525,0.5470571024434525,0.9841,0.015900000000000025,1.0702238777121138,582,348,5777,4716,12,3,0.4352179815711865,0.2832727966864468,0.28150922174236664,1439.11,0.2015,0.0056086553622587965,0.4775253545547788,0.22444652099908077,0.0799740609555354,0.022881951321600192,0.0607688063826008,0.12879465042105226,3.093079186507352e-12,40,interpolation,82,entorno_2024,base,False,True
41,6387,60,0.022590415496000178,0.044878804727781385,0.340287596441212,0.340287596441212,0.8003991301863587,0.36813839223918077,0.36813839223918077,0.9841,0.015900000000000025,1.0920992925271942,594,355,5895,4813,10,1,0.32849498446916725,0.37549350709313667,0.296011508437696,1439.11,0.2015,0.011266285269517527,0.0885607678456539,0.17020392124675718,0.003293602651156408,0.015194370062528113,0.13318984786796323,0.5584376535303321,0.01985355152609159,41,interpolation,83,entorno_2024,base,False,True
42,6387,60,0.04648497407997504,0.07071771605358804,0.4739377098470858,0.4739377098470858,0.8017001050509932,0.4301081795028321,0.4301081795028321,0.9841,0.015900000000000025,0.850798828535243,463,277,4593,3749,11,5,0.3000136889524731,0.4116548326474112,0.28833147840011564,1439.11,0.2015,0.007163280992794974,0.22749309213858981,0.23465556340207638,0.03775660788048085,0.054055363190340995,0.02123283201863344,0.41213967312847094,0.005503587248612593,42,interpolation,84,recorte,base,False,True
43,6387,60,0.03905608253442217,0.0726729376164387,0.4125307651542876,0.4125307651542876,0.7982053104094995,0.5186865122012128,0.5186865122012128,0.9841,0.015900000000000025,0.9626103493622404,524,313,5196,4242,6,2,0.22884478690635124,0.571269243154359,0.1998859699392897,1439.11,0.2015,0.06917418446237719,0.31081698450499357,0.064829616638179,0.03951287464593821,0.01663525397314389,0.18411282993901923,0.3137743056575861,0.001143950178762736,43,interpolation,85,entorno_2024,base,True,False
44,6387,60,0.044221829440542954,0.043799316264592575,0.4933188121644059,0.4933188121644059,0.7986503005741408,0.39265897919575876,0.39265897919575876,0.9841,0.015900000000000025,0.8619759632769781,469,280,4653,3799,11,6,0.16659741494871833,0.42517989908627907,0.40822268596500266,1439.11,0.2015,0.12399496691485294,0.1942632783440038,0.2716946834865596,0.037696151619420616,0.06371907574555441,0.00425575050872599,0.28817217325811023,0.01620392012277227,44,interpolation,86,recorte,alto,False,True
45,6387,60,0.02076637543610475,0.06766420577324164,0.2271749082250672,0.2271749082250672,0.7975743042079696,0.32379814837456256,0.32379814837456256,0.9841,0.015900000000000025,1.1079383123257265,603,360,5981,4883,6,3,0.47834051644274567,0.277273711982325,0.2443857715749293,1439.11,0.2015,0.0570996855345862,0.24390460979964773,0.29637749449658884,0.034394775593986154,0.13902019933575607,0.025927189352455977,0.20327604588657722,4.0195763118056927e-13,45,interpolation,87,expansion,base,False,True
46,6387,60,0.03847173737993664,0.03643758741853339,0.3672038632758055,0.3672038632758055,0.8057897998897287,0.254931595360242,0.254931595360242,0.9841,0.015900000000000025,1.0515456115468949,572,342,5676,4634,10,2,0.26140896966665256,0.4671639375064892,0.2714270928268583,1439.11,0.2015,0.019559107365466264,0.3143553507176033,0.08486925644939268,0.024769257453077294,0.038530410443016916,0.11426557636923206,0.40077741669701844,0.002873624505193158,46,interpolation,88,entorno_2024,base,False,True
47,6387,60,0.035642906562549995,0.04043944246369225,0.3105003756613657,0.3105003756613657,0.7935871710036324,0.27300520888537144,0.27300520888537144,0.9841,0.015900000000000025,0.9917445599473538,540,322,5353,4371,10,4,0.24427421054639423,0.4770259408016478,0.2786998486519579,1439.11,0.2015,0.001900666083370186,0.2919417246938147,0.141571200199491,0.04991819972476037,0.11299348245868591,0.1612383251471044,0.23451909338066176,0.005917308312111702,47,interpolation,89,entorno_2024,base,True,False
48,6387,60,0.04371109121816036,0.0644175177079362,0.23635401770636155,0.23635401770636155,0.8019795380363188,0.4244453169697602,0.4244453169697602,0.9841,0.015900000000000025,0.8930498420636914,486,290,4821,3936,9,4,0.4135953044522616,0.3903656994707974,0.19603899607694097,1439.11,0.2015,0.03198118271676715,0.41985324447979183,0.1455395683009373,0.013289844463346976,0.035663745968591905,0.008274224983009825,0.3443710120862357,0.001027177001319361,48,interpolation,90,recorte,base,False,True
49,6387,60,0.02113351504912213,0.04720568921164266,0.20848289351597776,0.20848289351597776,0.8002752227638399,0.5069036207948554,0.5069036207948554,0.9841,0.015900000000000025,0.9525590736438159,518,310,5142,4198,12,5,0.45275031781235864,0.300033447232436,0.24721623495520545,1439.11,0.2015,0.043954205638506806,0.3372329921898414,0.1342431239649275,0.11996237454481391,0.10484508880572282,0.03294130742137673,0.22673898703039894,8.192040441182734e-05,49,interpolation,91,entorno_2024,base,True,False
50,6387,60,0.04871346741247903,0.062097932837013634,0.21859972460742533,0.21859972460742533,0.7941640458301727,0.5313417434125798,0.5313417434125798,0.9841,0.015900000000000025,0.8699628279774181,473,283,4696,3834,10,2,0.4799295473632797,0.1879988008775711,0.33207165175914927,1439.11,0.2015,0.0779914146392381,0.18678261372874025,0.11772946279347878,0.06237913163223645,0.07692688800145729,0.09825245273341474,0.37986744132873784,7.059514269656794e-05,50,interpolation,92,recorte,alto,False,True
51,6387,60,0.044503186219809324,0.07545614928614866,0.24851177890561066,0.24851177890561066,0.803736954360173,0.4741091003970967,0.4741091003970967,0.9841,0.015900000000000025,0.9249913582518055,503,301,4993,4076,7,1,0.3026851966854365,0.3370338732000171,0.3602809301145465,1439.11,0.2015,0.012008895457839553,0.22335199164839495,0.10549122460310105,0.08017373147331142,0.01176869804014135,0.09747861708376897,0.46962545466103944,0.00010138703240306204,51,interpolation,93,entorno_2024,alto,False,True
52,6387,60,0.03262852872446898,0.07618223951056571,0.3057102346133132,0.3057102346133132,0.8039998429212584,0.31166455740817445,0.31166455740817445,0.9841,0.015900000000000025,0.8814836891354498,480,286,4758,3885,7,6,0.4227610551702889,0.4494025856043616,0.1278363592253495,1439.11,0.2015,0.0006667970223072869,0.4019029777080716,0.1433643276445297,0.021175085733006367,0.03687810470606887,0.14170706344810555,0.2294439134997979,0.024861730238112695,52,interpolation,94,recorte,base,False,True
53,6387,60,0.046025588936472475,0.05056601471724994,0.3252046794869309,0.3252046794869309,0.796189382141154,0.40299110397351273,0.40299110397351273,0.9841,0.015900000000000025,1.1234325012184994,611,365,6064,4951,7,6,0.28328515998064213,0.38221359954472145,0.3345012404746363,1439.11,0.2015,0.08554790287030907,0.2543551928062237,0.09595907873222646,0.11292890974083108,0.007227763589378371,0.10653184275065883,0.33743478964734563,1.451986302679595e-05,53,interpolation,95,expansion,alto,False,True
54,6387,60,0.042175201301765504,0.04692784846922929,0.4195325197473109,0.4195325197473109,0.7940236839198855,0.43821011706544666,0.43821011706544666,0.9841,0.015900000000000025,1.1099587989672677,604,361,5992,4892,10,2,0.23407066842408925,0.22123944100298648,0.5446898905729244,1439.11,0.2015,0.017098430216562346,0.11558781785579077,0.15171067669130847,0.03203312875111245,0.07331304578939134,0.16805639882748802,0.4421980006658555,2.501202491287823e-06,54,interpolation,96,expansion,alto,False,True
55,6387,60,0.020338434089802664,0.04286703654662431,0.20257579375973417,0.20257579375973417,0.8044124229114394,0.5463976405667246,0.5463976405667246,0.9841,0.015900000000000025,0.9443964525663195,514,307,5098,4162,8,4,0.4983581511504341,0.258084611058592,0.243557237790974,1439.11,0.2015,0.04774509183162162,0.2252174731854964,0.11991451886457151,0.07534407202649428,0.206924643639485,0.07611209845416629,0.24870215641306612,3.9945585098719635e-05,55,interpolation,97,entorno_2024,base,False,True
56,6387,60,0.04805245020674387,0.057913298852982006,0.4970895043102991,0.4970895043102991,0.7959590300116299,0.38077022768607494,0.38077022768607494,0.9841,0.015900000000000025,0.9587429733818238,522,312,5175,4225,7,2,0.30080742148456724,0.327459607739615,0.37173297077581785,1439.11,0.2015,0.08599799163316559,0.1944651947827172,0.3567725369385277,0.01004871347543913,0.030070030384748578,0.08966291397262618,0.2329824671380375,1.516747382078597e-07,56,interpolation,98,entorno_2024,alto,True,False
57,6387,60,0.04044247876657064,0.05124575235630667,0.2897990696648006,0.2897990696648006,0.8023296985875599,0.4091716958204598,0.4091716958204598,0.9841,0.015900000000000025,1.1249506334534423,612,366,6072,4958,8,5,0.2971171220905971,0.18845024047992265,0.5144326374294802,1439.11,0.2015,0.026630227171400515,0.27593645046526133,0.034995825098813625,0.05425290928031953,0.048479371625117604,0.13834094607136352,0.42136426968769886,6.000249155004073e-10,57,interpolation,99,expansion,alto,False,True
58,6387,60,0.03390009132749847,0.06580171052596447,0.45885362262533547,0.45885362262533547,0.8027847527633252,0.4562659905183843,0.4562659905183843,0.9841,0.015900000000000025,0.8386476660589076,456,273,4527,3696,7,3,0.4801997649881223,0.378054652910592,0.14174558210128574,1439.11,0.2015,0.05298461189980467,0.082826635222337,0.24011990259425797,0.03279873046896915,0.1114111222380396,0.12178892062978303,0.35744135173802444,0.0006287252087840674,58,interpolation,100,recorte,base,False,True
59,6387,60,0.043324995061380586,0.05201091164612312,0.2840745784741588,0.2840745784741588,0.7946601729865027,0.3212403688340471,0.3212403688340471,0.9841,0.015900000000000025,0.9416650497028127,512,306,5083,4150,8,3,0.2175209215090057,0.4888070931955867,0.29367198529540767,1439.11,0.2015,0.0015896626300065722,0.3056689311486616,0.16196953539992706,0.06596968052410146,0.10293621777585218,0.10809835558847473,0.25372692230869054,4.0694624285814206e-05,59,interpolation,101,entorno_2024,base,False,True
60,6387,60,0.030176291141746237,0.04831821914895547,0.3565946126816387,0.3565946126816387,0.7996817897452302,0.41581227625395345,0.41581227625395345,0.9841,0.015900000000000025,1.1152082391479428,607,362,6020,4915,7,3,0.37894412550719075,0.3165474986821668,0.30450837581064244,1439.11,0.2015,0.0542499931182782,0.172801438484394,0.23216202373243433,0.07493203274052379,0.03334428357763932,0.12144436981464131,0.31101975271716875,4.610581492030694e-05,60,interpolation,102,expansion,alto,False,True
61,6387,60,0.026730529118000914,0.04204243097069967,0.3778342266373438,0.3778342266373438,0.8046481474181192,0.25028253204366296,0.25028253204366296,0.9841,0.015900000000000025,0.9852577599208171,536,320,5318,4342,12,5,0.5456636047791477,0.1772954442807467,0.2770409509401057,1439.11,0.2015,0.019579468668839386,0.26272211857538946,0.06969820896565879,0.05056513955993622,0.016025901470174308,0.134109806060798,0.44449486601108484,0.0028044906881188355,61,interpolation,103,entorno_2024,base,True,False
62,6387,60,0.0463226953848254,0.037762888617624196,0.33535131069770036,0.33535131069770036,0.7956156400147971,0.2892891728864605,0.2892891728864605,0.9841,0.015900000000000025,1.0075881335955865,548,327,5439,4440,11,3,0.529187330893596,0.26606046953684004,0.20475219956956386,1439.11,0.2015,0.0004149420721999258,0.29248930622539426,0.3070211711346582,0.010731732626327824,0.09104520876205273,0.1315138328869282,0.1662497866792377,0.0005340196132013878,62,interpolation,104,entorno_2024,base,True,False
63,6387,60,0.04369337509372216,0.039682874087648035,0.3333979554589437,0.3333979554589437,0.8043621245998467,0.29427555858950566,0.29427555858950566,0.9841,0.015900000000000025,1.1916751747236107,648,387,6433,5252,10,6,0.43475482454923586,0.4184817683206792,0.14676340713008482,1439.11,0.2015,0.0680477290654556,0.22365409405082592,0.20745956384188202,0.011517619450034487,0.06569439892493455,0.04507478254570016,0.37854634397057957,5.468150587827825e-06,63,interpolation,105,expansion,base,False,True
64,6387,60,0.04301972405089814,0.06813387450816413,0.31515526848830105,0.31515526848830105,0.8053922756714549,0.3186723774726356,0.3186723774726356,0.9841,0.015900000000000025,1.1684482814839947,636,380,6307,5149,7,2,0.16204084591495993,0.7491534763603108,0.08880567772472914,1439.11,0.2015,0.08658746007323483,0.13181268236426447,0.05990453170909767,0.0008035581557405636,0.1332723063186967,0.1518706808167572,0.435747667495315,1.1130668935264816e-06,64,interpolation,106,expansion,base,False,True
65,6387,60,0.03336948518344174,0.07872323456874723,0.4629603176270285,0.4629603176270285,0.7963435760024321,0.25946286847620265,0.25946286847620265,0.9841,0.015900000000000025,1.02469251138569,557,333,5531,4516,9,3,0.23573952821633087,0.5557580907989558,0.20850238098471333,1439.11,0.2015,0.03109915827121945,0.17560695498366943,0.16089651511291306,0.012194180947046027,0.0490975257129771,0.2568513672878114,0.28351809828404195,0.03073619940032159,65,interpolation,107,entorno_2024,base,True,False
66,6387,60,0.030216014579788154,0.0604773390364674,0.27012097318662115,0.27012097318662115,0.8035293168938052,0.33590192533504326,0.33590192533504326,0.9841,0.015900000000000025,1.0779607901696062,586,350,5819,4751,9,1,0.26115350384657354,0.23998797651272077,0.4988585196407057,1439.11,0.2015,0.015172090851214515,0.12527123437487306,0.18102986519120018,0.08792131541859838,0.03958704573360372,0.18967137913721535,0.36133972207607973,7.347217215090161e-06,66,interpolation,108,entorno_2024,alto,False,True
67,6387,60,0.030957125884615293,0.04441220533031193,0.2800827873069287,0.2800827873069287,0.8013140924055758,0.4079688071179825,0.4079688071179825,0.9841,0.015900000000000025,1.0384439501881464,565,337,5606,4576,9,5,0.5950081224601632,0.2105598035159282,0.19443207402390858,1439.11,0.2015,0.0036072815908861646,0.27150525211068144,0.05992454181575529,0.01775306537273442,0.03967276692842775,0.2949583640442255,0.31253586633526986,4.286180201968739e-05,67,interpolation,109,entorno_2024,base,True,False
68,6387,60,0.02334838153371008,0.060856352289106325,0.381764918745227,0.381764918745227,0.7973163461988249,0.2997431834191012,0.2997431834191012,0.9841,0.015900000000000025,1.052463426897341,573,342,5681,4638,11,4,0.3060294505860472,0.5244828252500503,0.16948772416390254,1439.11,0.2015,0.038889714761284604,0.29470670869019966,0.09617785096674243,0.06485529659594068,0.07022765958363032,0.10422515114161855,0.3309105097282554,7.108532328153412e-06,68,interpolation,110,entorno_2024,base,False,True
69,6387,60,0.035331925859561415,0.04801616379319042,0.4840497750729765,0.4840497750729765,0.8002311761053654,0.3943554357316511,0.3943554357316511,0.9841,0.015900000000000025,0.9816744332031615,534,319,5299,4326,10,2,0.36338172196612256,0.38086061414694555,0.2557576638869321,1439.11,0.2015,0.04288019709849311,0.27953152548578897,0.12975474330858042,0.061801943664994,0.05006645135086559,0.1014401138576777,0.3345250222054327,3.0281674251937504e-09,69,interpolation,111,entorno_2024,base,True,False
70,6387,60,0.025387567763972434,0.07653593220595264,0.26867503179876473,0.26867503179876473,0.7938804754707234,0.4950148384265676,0.4950148384265676,0.9841,0.015900000000000025,0.9380181049480889,510,305,5063,4134,11,5,0.22227528490516277,0.3115901616947624,0.46613455340007476,1439.11,0.2015,0.0016289340354188173,0.23825580206623712,0.24147604996655947,0.09937395441830277,0.0696871027220602,0.033308229339405054,0.3162695837329209,3.437190957840188e-07,70,interpolation,112,entorno_2024,alto,False,True
71,6387,60,0.033134787231388865,0.07847906717898273,0.39546083869718196,0.39546083869718196,0.802154106535618,0.3607745256070542,0.3607745256070542,0.9841,0.015900000000000025,0.907216498104729,494,295,4897,3998,10,2,0.29022559489993954,0.3890460559414189,0.32072834915864157,1439.11,0.2015,0.02827889269486224,0.4354355176582739,0.17799605216843314,0.017961201458901968,0.02858038623711208,0.19411384456272188,0.11763409806640938,7.153285620389921e-09,71,interpolation,113,entorno_2024,alto,False,True
72,6387,60,0.0216311455756617,0.06483993267946435,0.48872491672621726,0.48872491672621726,0.8030817628011854,0.3250418088631246,0.3250418088631246,0.9841,0.015900000000000025,0.8266594034263681,450,269,4462,3643,6,5,0.5443675570538167,0.3120832371596328,0.14354920578655056,1439.11,0.2015,0.00778173043659074,0.3537887525556135,0.30416328649599483,0.009141909474253184,0.025549429864279827,0.055451402399983675,0.24412348874396422,2.932010525940707e-11,72,interpolation,114,recorte,base,False,True
73,6387,60,0.029412255213022154,0.035928717765246886,0.23345693630813952,0.23345693630813952,0.804597978013672,0.5233348011047477,0.5233348011047477,0.9841,0.015900000000000025,0.8094181038725196,440,263,4369,3567,6,3,0.4667859767090749,0.29058890120398967,0.24262512208693532,1439.11,0.2015,0.010996494129266973,0.2652522257356508,0.1798976578650292,0.03335740123828374,0.1558550802578979,0.10022270594426155,0.2544184348296099,3.113144114188499e-20,73,interpolation,115,recorte,base,False,True
74,6387,60,0.034876477399990766,0.05321640969273504,0.4140153694498919,0.4140153694498919,0.7956353412499902,0.3137678952717028,0.3137678952717028,0.9841,0.015900000000000025,1.0589707702669005,576,344,5716,4667,5,5,0.3272429498034888,0.42563022389197763,0.24712682630453353,1439.11,0.2015,0.027951541740980305,0.19241461576734764,0.12530615633881137,0.09208129671136894,0.06117547095433435,0.031037674148219303,0.46169686896086126,0.008336375378076953,74,interpolation,116,entorno_2024,base,False,True
75,6387,60,0.040031631467406376,0.06392627514626015,0.25732572722340635,0.25732572722340635,0.8025425738494489,0.5397705861482984,0.5397705861482984,0.9841,0.015900000000000025,1.1655380175119596,634,379,6292,5137,10,2,0.5461828670684531,0.25998218100851034,0.1938349519230366,1439.11,0.2015,0.0871981165131853,0.3311114092768341,0.09811490346112586,0.027405505686043087,0.11284574457470145,0.18597638015651696,0.15731333078921936,3.4609542373962196e-05,75,interpolation,117,expansion,base,False,True
76,6387,60,0.03165727164323677,0.04944737513593436,0.38708197200335076,0.38708197200335076,0.8014796727952932,0.5260049821230244,0.5260049821230244,0.9841,0.015900000000000025,1.1797215384703565,642,383,6368,5199,6,3,0.24503337789835697,0.5924281079563276,0.16253851414531545,1439.11,0.2015,3.453482281828235e-06,0.2364147954234118,0.0781108646753937,0.0685371741651887,0.09460114957761812,0.07478225362504391,0.44752753224435726,2.277680670477776e-05,76,interpolation,118,expansion,base,False,True
77,6387,60,0.026395141667846816,0.07203452464300351,0.3930023901215046,0.3930023901215046,0.8009130880754701,0.3024599749925145,0.3024599749925145,0.9841,0.015900000000000025,0.9791969788660483,533,318,5286,4315,9,3,0.29082908762374976,0.4142061154300946,0.2949647969461557,1439.11,0.2015,0.021441400840276893,0.25135734618159267,0.14477791558357547,0.02912917175708169,0.07500532573452327,0.07568405221414863,0.4026041518216341,6.35867167099384e-07,77,interpolation,119,entorno_2024,base,True,False
78,6387,60,0.03675533932992858,0.0384059335381788,0.41855082289650114,0.41855082289650114,0.7996188993325005,0.5047458962808566,0.5047458962808566,0.9841,0.015900000000000025,0.8877441742801959,483,289,4792,3912,9,4,0.33811556974990375,0.5367875804599729,0.12509684979012337,1439.11,0.2015,0.10408218966305766,0.24534148984001936,0.11724979822036252,0.09206345264237493,0.04166183258611772,0.17615561798658286,0.20675230472822076,0.01669331433326427,78,interpolation,120,recorte,base,False,True
79,6387,60,0.025542046820317087,0.04617400070245621,0.3733522428450242,0.3733522428450242,0.8007045510427635,0.38697358985512165,0.38697358985512165,0.9841,0.015900000000000025,0.9009186241199955,490,293,4863,3970,11,5,0.4191419372270416,0.24014104570192224,0.34071701707103624,1439.11,0.2015,0.03848117544330165,0.22857810076610963,0.11556496293681512,0.007361165443059745,0.12409888349856939,0.14914169698585883,0.335946275387504,0.0008277395387817317,79,interpolation,121,entorno_2024,alto,False,True
80,6387,60,0.027733221451472355,0.0744158351573737,0.3759476994657359,0.3759476994657359,0.7963868083335077,0.3443616906462289,0.3443616906462289,0.9841,0.015900000000000025,0.9485382088336526,516,308,5120,4180,10,4,0.19096367203569622,0.30777439754527824,0.5012619304190256,1439.11,0.2015,0.10680335512155521,0.38761646272701006,0.016175119524541162,0.03262691314774215,0.02095699401632234,0.046703061925993446,0.36319850243502955,0.025919591101806024,80,interpolation,122,entorno_2024,alto,False,True
81,6387,60,0.020232186814566788,0.0731153964545543,0.42965931140723385,0.42965931140723385,0.8057319364427239,0.49988908617103356,0.49988908617103356,0.9841,0.015900000000000025,1.0416736001766274,567,339,5623,4591,6,3,0.30073795198306114,0.44421330644645807,0.2550487415704808,1439.11,0.2015,0.005973797607990726,0.21281882097281835,0.07370356738361886,0.0007182205523976117,0.09631230755816997,0.23852801214985012,0.3717472323133716,0.00019804146178282027,81,interpolation,123,entorno_2024,base,True,False
82,6387,60,0.04549927401117888,0.04668732189172744,0.221419390994383,0.221419390994383,0.8051789158775183,0.29512484252158566,0.29512484252158566,0.9841,0.015900000000000025,0.9312986567618253,507,303,5027,4104,9,2,0.4970094214371024,0.2981396960065319,0.20485088255636577,1439.11,0.2015,0.030394093924405004,0.16225357079865915,0.27332751052104276,0.03707089260017111,0.09231158952045242,0.08185221734838397,0.3227280994566247,6.202583026086404e-05,82,interpolation,124,entorno_2024,base,False,True
83,6387,60,0.04979529069030907,0.04246444005747997,0.4313716093245926,0.4313716093245926,0.7970693997552909,0.4695748090289881,0.4695748090289881,0.9841,0.015900000000000025,0.9674428762733036,526,314,5222,4264,10,4,0.35713873593177337,0.48979517812013507,0.15306608594809176,1439.11,0.2015,0.06018369759692728,0.22816497021558252,0.18845424856121634,0.06126811389262935,0.12055909833129923,0.1434880457895316,0.17724917643734897,0.020632649175464857,83,interpolation,125,entorno_2024,base,True,False
84,6387,60,0.024291786987245198,0.06980592178759087,0.31809917734947873,0.31809917734947873,0.8026673569544512,0.27788078127330007,0.27788078127330007,0.9841,0.015900000000000025,1.018018123960772,554,331,5495,4486,7,6,0.5786046953451647,0.21563306462699416,0.20576224002784102,1439.11,0.2015,0.020978583796784227,0.15342983966153811,0.17336611048896855,0.09529999406888838,0.1186166753680998,0.06583777854343775,0.37247101201256383,6.059719325533765e-09,84,interpolation,126,entorno_2024,base,True,False
85,6387,60,0.02295602092198045,0.07926269123538765,0.46936276950868805,0.46936276950868805,0.7949620400468848,0.39947619853358896,0.39947619853358896,0.9841,0.015900000000000025,0.8298843848245726,451,270,4480,3657,9,5,0.427279893347264,0.3118545133927576,0.2608655932599785,1439.11,0.2015,0.042873213199029425,0.24207495908546,0.26555019147634334,0.023234285870010536,0.2685402861151425,0.022598378721293836,0.13467166902103095,0.0004570165116894787,85,interpolation,127,recorte,base,False,True
86,6387,60,0.028139317325467195,0.059819845846598496,0.25334820568175087,0.25334820568175087,0.8033886602863893,0.5153151587757526,0.5153151587757526,0.9841,0.015900000000000025,1.1031280206829526,600,359,5955,4861,9,4,0.3308859897051952,0.1708089419983799,0.49830506829642496,1439.11,0.2015,0.05401350407096189,0.337746632538362,0.27821885305958294,0.018954305823892285,0.13718399202251172,0.07330754805214525,0.10057516431285135,1.1969266058820254e-10,86,interpolation,128,expansion,alto,False,True
87,6387,60,0.037573405164742266,0.07781770430520087,0.313338432622314,0.313338432622314,0.8020100061604558,0.44916352508549096,0.44916352508549096,0.9841,0.015900000000000025,1.0870745103578374,591,353,5868,4791,7,2,0.43215639134714307,0.3947856697341108,0.1730579389187462,1439.11,0.2015,4.3063619794204386e-06,0.16468935549372757,0.21681238776604966,0.007693707080178395,0.30042143374574504,0.09702748114384856,0.21335132840840249,6.876536592020735e-14,87,interpolation,129,entorno_2024,base,False,True
88,6387,60,0.046944391532935364,0.04322013904839136,0.331838081188452,0.331838081188452,0.7997638235513745,0.3384021448046659,0.3384021448046659,0.9841,0.015900000000000025,1.156407576629258,629,376,6242,5096,11,6,0.36898117102060135,0.3166625478397865,0.3143562811396121,1439.11,0.2015,0.05548270343858587,0.391110752016033,0.1777888862825032,0.01886715688889548,0.06266134915281742,0.10615474101403721,0.18790114817570944,3.326303141837181e-05,88,interpolation,130,expansion,alto,False,True
89,6387,60,0.04140998251547978,0.04992448927523088,0.2104001630111811,0.2104001630111811,0.7969246972742281,0.44048242493955225,0.44048242493955225,0.9841,0.015900000000000025,1.1188530327852468,609,364,6040,4931,8,6,0.3362097468969271,0.2837990957310246,0.37999115737204836,1439.11,0.2015,0.013847691839801026,0.2630919667094437,0.16889516646373326,0.01579549953511408,0.040201273693962744,0.26428299545083384,0.2338826114376926,2.7948694187219206e-06,89,interpolation,131,expansion,alto,False,True
90,6387,60,0.036816350094497394,0.05470780167754239,0.4051777181475258,0.4051777181475258,0.8041816599895626,0.2703607731325064,0.2703607731325064,0.9841,0.015900000000000025,0.8786376905387676,478,286,4743,3872,11,3,0.46460538421116904,0.3151985693451931,0.2201960464436378,1439.11,0.2015,0.008590019392903778,0.22318047703858537,0.1805286392815807,0.02314082381983652,0.15047084618055198,0.08600472928504202,0.28168300515780137,0.04640145984369838,90,interpolation,132,recorte,base,False,True
91,6387,60,0.03438083823901272,0.06370994168484373,0.28378268765301956,0.28378268765301956,0.7951202372080687,0.2800681362194016,0.2800681362194016,0.9841,0.015900000000000025,1.187397741332359,646,386,6410,5233,8,1,0.5776040105157345,0.3434997261309128,0.07889626335335274,1439.11,0.2015,0.0581512782297396,0.15901436055742915,0.21533289333457759,0.0014429038361287638,0.07706712763719596,0.3089312841789036,0.17997438946516608,8.576276085922657e-05,91,interpolation,133,expansion,base,False,True
92,6387,60,0.03872942545855397,0.06522368808691624,0.4851421220600165,0.4851421220600165,0.7945379937622579,0.412374771037917,0.412374771037917,0.9841,0.015900000000000025,1.1379876663845214,619,370,6143,5015,9,4,0.3693478562232553,0.33666266874828166,0.2939894750284631,1439.11,0.2015,0.017287258050814398,0.3160022759874597,0.10050617055846989,0.040695406962870606,0.04346863549462415,0.12401357045558024,0.3565077428346879,0.0015189396554931584,92,interpolation,134,expansion,base,False,True
93,6387,60,0.022004748651192493,0.0664581966299703,0.2403480845064314,0.2403480845064314,0.797799203807104,0.5203090080523906,0.5203090080523906,0.9841,0.015900000000000025,0.9320845920653458,507,303,5031,4108,6,4,0.48077606293162045,0.28761204699890075,0.23161189006947883,1439.11,0.2015,0.04665070203499458,0.4331761213640104,0.14992008540950919,0.11519357837939927,0.09024345934877559,0.03956716418951164,0.12374677919325243,0.001502110080546848,93,interpolation,135,entorno_2024,base,False,True
94,6387,60,0.032274904405861456,0.05735874336429746,0.24253031834881772,0.24253031834881772,0.794389316259192,0.2740924535037038,0.2740924535037038,0.9841,0.015900000000000025,0.8720864483195213,474,283,4708,3843,11,2,0.3455203706207586,0.3536260624404004,0.30085356693884113,1439.11,0.2015,0.0006580360734633918,0.06854853589610893,0.16847086508275944,0.27618817885842717,0.08562078339295674,0.12676611766618376,0.273747439249658,4.378044261064007e-08,94,interpolation,136,recorte,alto,False,True
95,6387,60,0.03139387120417598,0.07485267022748648,0.22567762148223625,0.22567762148223625,0.8010396301139147,0.26238976451600643,0.26238976451600643,0.9841,0.015900000000000025,1.1753648148248597,639,382,6345,5180,6,4,0.21799095387770168,0.539883692476011,0.2421253536462874,1439.11,0.2015,0.0008481168436887709,0.319495825691115,0.10967743707612024,0.025792042949481654,0.029815216054860108,0.20674151390489973,0.2729671315952279,0.03466271588460666,95,interpolation,137,expansion,base,False,True
96,6387,60,0.0496953948600853,0.07707027590292825,0.38510600654333116,0.38510600654333116,0.7947708716149885,0.35671369795522834,0.35671369795522834,0.9841,0.015900000000000025,0.8039024894065471,437,261,4339,3543,11,1,0.44534486267593815,0.314055034395961,0.2406001029281009,1439.11,0.2015,0.01296879594558302,0.05875458917755402,0.14568040255934486,0.13472433093785038,0.05979922641349015,0.14716227746593868,0.4394895673161582,0.0014208101840807344,96,interpolation,138,recorte,base,False,True
97,6387,60,0.04229226052172624,0.05271538031455181,0.3209850836150141,0.3209850836150141,0.805278531609433,0.2843384688267221,0.2843384688267221,0.9841,0.015900000000000025,1.098535079092277,598,357,5930,4841,5,6,0.34767850489513624,0.4912701180795529,0.16105137702531083,1439.11,0.2015,0.02628923594222496,0.19035143053855372,0.34186278290761635,0.004536788428690084,0.06619372563178764,0.08629950695568714,0.28175580855537874,0.002710721040061196,97,interpolation,139,entorno_2024,base,False,True
98,6387,60,0.03975696440707237,0.05967709109839493,0.4277099836158922,0.4277099836158922,0.8048813700603219,0.3725456814663209,0.3725456814663209,0.9841,0.015900000000000025,1.0452648566072962,569,340,5642,4606,8,4,0.42241731791423515,0.3884051766462287,0.18917750543953613,1439.11,0.2015,0.0006982363869216162,0.17138653052385544,0.09674392207235029,0.16541063322908234,0.15061754778758965,0.09096376806177507,0.32417806760577905,1.294332646406462e-06,98,interpolation,140,entorno_2024,base,True,False
99,6387,60,0.03377937087070703,0.06719278734586775,0.40713394726692287,0.40713394726692287,0.7983299454089047,0.45787617799094366,0.45787617799094366,0.9841,0.015900000000000025,1.0737351161092903,584,349,5796,4732,7,4,0.3369710792210296,0.31112378897114534,0.3519051318078252,1439.11,0.2015,0.00448082434477822,0.1538913794959127,0.2506823274455145,0.024795934441888795,0.1937057061465345,0.12249010356516604,0.24994537279716061,8.351763044693108e-06,99,interpolation,141,entorno_2024,alto,False,True
100,6387,60,0.03509057821743275,0.07334089056695994,0.42202194336887905,0.42202194336887905,0.7991359636264889,0.3493464701909961,0.3493464701909961,0.9841,0.015900000000000025,0.8179028197049037,445,266,4415,3604,5,4,0.35432653095737787,0.43790525497305804,0.20776821406956422,1439.11,0.2015,0.0012077416924057445,0.4368474174732512,0.1522087715018017,0.04589904039860622,0.0803505742252194,0.04962980858885991,0.22489910732652882,0.008957538793327195,100,interpolation,142,recorte,base,False,True
101,6387,60,0.045952120939188504,0.06692480747611393,0.27667964049581606,0.27667964049581606,0.7767427817164861,0.24493373577908173,0.24493373577908173,0.9841,0.015900000000000025,0.7499702734831324,408,244,4048,3305,4,7,0.23668383976387034,0.36968057169136515,0.3936355885447646,1439.11,0.2015,0.04082608695065755,0.23891872028742275,0.23319970809992216,0.011529631591774975,0.03140005595807054,0.05534192616605659,0.3887838709460953,4.6836218604123943e-17,101,extrapolation,10043,recorte,alto,False,True
102,6387,60,0.05035017456342663,0.03860115762660963,0.24608469160362278,0.24608469160362278,0.7520549148128326,0.6244398229341646,0.6244398229341646,0.9841,0.015900000000000025,1.1480762710764651,625,373,6197,5060,12,0,0.4082828706417489,0.35797746715632683,0.23373966220192405,1439.11,0.2015,0.0010629317246209854,0.36917609176674765,0.19736585849503704,0.014070082034202269,0.11477545729415323,0.03971583241915979,0.2638337457293478,5.367311677969013e-10,102,extrapolation,10044,expansion,base,False,True
103,6387,60,0.026044341797344668,0.027401514508205504,0.19762105047619888,0.19762105047619888,0.7923132607198697,0.6116591978596222,0.6116591978596222,0.9841,0.015900000000000025,0.9030436217241931,491,293,4875,3980,6,2,0.4323121312923037,0.417872492570505,0.14981537613719131,1439.11,0.2015,0.007217952309718264,0.38364397118785243,0.15440423451998034,0.12160214782683545,0.14081323085364858,0.034390649792343894,0.1577072162708135,0.00022059723880751367,103,extrapolation,10045,entorno_2024,base,False,True
104,6387,60,0.030317639268764893,0.043894394804304,0.3788925217079163,0.3788925217079163,0.7849198513028314,0.548137910709981,0.548137910709981,0.9841,0.015900000000000025,0.6716783882592917,365,218,3626,2960,3,4,0.4785740500797969,0.2744074984666534,0.24701845145354967,1439.11,0.2015,0.026378903452267375,0.2826048040626936,0.13685902301661126,0.01449315842056402,0.058451678451850016,0.11293121362837037,0.3682784622403138,2.75672732965436e-06,104,extrapolation,10046,recorte,base,False,True
105,6387,60,0.02323057815189214,0.033250869862211235,0.3513745558110657,0.3513745558110657,0.7755933573309328,0.20230458870893164,0.20230458870893164,0.9841,0.015900000000000025,1.045645659822773,569,340,5644,4608,5,4,0.36388121860807227,0.24438302908010076,0.3917357523118269,1439.11,0.2015,0.0623052212509634,0.1378364752622778,0.04962694411301578,0.05679296403861472,0.11554980694686182,0.17052706738215925,0.38175210898318784,0.025609412022919567,105,extrapolation,10047,entorno_2024,alto,False,True
106,6387,60,0.03754237489132955,0.07713354165562147,0.32725265713778384,0.32725265713778384,0.8145626777198807,0.33734985257959976,0.33734985257959976,0.9841,0.015900000000000025,1.0276714686424337,559,334,5547,4529,12,6,0.481551032223046,0.33771479511166785,0.1807341726652861,1439.11,0.2015,0.06705878425418577,0.27298065504550784,0.133800814209993,0.08945753891744111,0.03611757486113731,0.14399417145048998,0.25658201864583036,8.442615414397475e-06,106,extrapolation,10048,entorno_2024,base,False,True
107,6387,60,0.029575825740582783,0.055516555867908685,0.5644683233262581,0.5644683233262581,0.8182957985204318,0.4096285909762606,0.4096285909762606,0.9841,0.015900000000000025,1.2025603820246615,654,391,6491,5300,10,3,0.28570678092676466,0.49166556181741927,0.2226276572558161,1439.11,0.2015,0.009143033722782237,0.29600677234016204,0.06488118379204325,0.05189433065489385,0.18176765098659034,0.16324018328451537,0.22274255921567732,0.010324286003335636,107,extrapolation,10049,expansion,base,False,True
108,6387,60,0.020701929379544255,0.09090232464517292,0.4437651593541042,0.4437651593541042,0.8476692933434408,0.3137357497517982,0.3137357497517982,0.9841,0.015900000000000025,1.30484630291433,710,424,7044,5750,13,7,0.19893236438070072,0.6106555483637713,0.19041208725552794,1439.11,0.2015,0.032155008177018156,0.21511228074269223,0.2429626056891577,0.03844419517349985,0.007528516029045196,0.05842898682185852,0.4053683016654224,1.0570130594791626e-07,108,extrapolation,10050,expansion,base,False,True
109,6387,60,0.01699330885869294,0.09525884416236702,0.4916793919249869,0.4916793919249869,0.8250394357027901,0.4546715334401312,0.4546715334401312,0.9841,0.015900000000000025,0.6015996669644306,327,196,3247,2651,8,8,0.2600171851081367,0.5211814599422029,0.2188013549496604,1439.11,0.2015,0.031983913225750574,0.24956094864419506,0.19072737373392207,0.03400252952496843,0.19685782421981662,0.0407194648502538,0.2561479438802095,1.9208838791978482e-09,109,extrapolation,10051,recorte,base,False,True
110,6387,60,0.0427308905471834,0.08271862193342505,0.41186007972521577,0.41186007972521577,0.8309295434677965,0.2660930603252234,0.2660930603252234,0.9841,0.015900000000000025,1.4257597504565442,776,463,7696,6283,5,2,0.41400757608900335,0.46899951038014753,0.11699291353084904,1439.11,0.2015,0.03485060866702835,0.44643116607133965,0.1413998705779585,0.013153729048624323,0.09260306994113932,0.02619341584666604,0.24478083052477134,0.0005873093224722737,110,extrapolation,10052,expansion,base,False,True
111,6387,60,0.0414641289550982,0.06341142602306815,0.5995800772613853,0.5995800772613853,0.7977945920653857,0.3773723217565833,0.3773723217565833,0.9841,0.015900000000000025,1.2467067292615681,678,405,6730,5494,9,3,0.2689440899328501,0.2267936155416553,0.5042622945254948,1439.11,0.2015,0.016259973473379256,0.16431563740165941,0.1585696269703186,0.06837264356495944,0.06441141724145148,0.13006280851398416,0.39546297473880243,0.0025449180954452235,111,extrapolation,10053,expansion,alto,False,True
112,6387,60,0.057138936380653316,0.05265887116277514,0.1770074011471045,0.1770074011471045,0.8091038751348183,0.5648687478882679,0.5648687478882679,0.9841,0.015900000000000025,1.3610056440944156,740,442,7347,5998,13,1,0.2797307538748174,0.5695925682218073,0.15067667790337533,1439.11,0.2015,0.03566189106340676,0.44372224104604135,0.08688237227886719,0.019132998463205462,0.04973081905923451,0.11262365517345108,0.2522459775865588,4.532923481195415e-08,112,extrapolation,10054,expansion,base,False,True
113,6387,60,0.051146212814567424,0.0473269550369249,0.21034982515445722,0.21034982515445722,0.83679825532957,0.4895759869070274,0.4895759869070274,0.9841,0.015900000000000025,0.6110803102615525,332,199,3299,2693,11,5,0.2054659820533498,0.6752291683823535,0.11930484956429688,1439.11,0.2015,0.12274208426364153,0.3552806264500382,0.1968134801239985,0.011455185030579967,0.008496753384154851,0.022439987084720284,0.282771883613878,4.898866913425579e-11,113,extrapolation,10055,recorte,base,False,True
114,6387,60,0.05590594925328765,0.0704566707250141,0.4799206857346435,0.4799206857346435,0.7658398339567153,0.15930533910730615,0.15930533910730615,0.9841,0.015900000000000025,0.8468612856070172,461,275,4571,3732,7,1,0.32402580796163805,0.5077958673320714,0.1681783247062905,1439.11,0.2015,0.02511214175550422,0.40628341521781586,0.1681581443569901,0.107404638771495,0.007969209672254647,0.18353685795473,0.10146903347477354,6.655879643652304e-05,114,extrapolation,10056,recorte,base,False,True
115,6387,60,0.033622823585137046,0.08839851258914203,0.5225815012822649,0.5225815012822649,0.7621403089268367,0.4396894372159852,0.4396894372159852,0.9841,0.015900000000000025,0.9492439470133478,516,309,5124,4183,7,6,0.38276981932542387,0.500503461243673,0.11672671943090318,1439.11,0.2015,0.011095686951878882,0.16544025744483504,0.20673376879481872,0.07200168302528658,0.16368524589242514,0.08137931969644935,0.2996631193814499,9.188128563500117e-07,115,extrapolation,10057,entorno_2024,base,False,True
